id,created_at,name
02c8915a-a4b7-41a2-9530-438a97d203bb,2013-09-28T20:20:13.732-04:00,Allen
8e556c44-67cf-4ef5-b6f0-c825bc5ab5ab,2018-11-01T14:28:17.837-04:00,Jean
72264fb0-291f-42f1-82da-6a6561adc003,2022-04-30T22:38:08.471-04:00,Kay
4eaf20c2-ee19-4a16-aa9d-9ce8faa5309a,2018-09-16T19:06:56.705-04:00,Thomas
7a682e72-71db-4a07-929c-883251a2af63,2010-02-02T14:22:28.449-03:00,James
6752c2e1-dbee-402b-8bb4-55b11494ace2,2022-01-06T10:50:34.739-04:00,Ray
d5cddc8c-bed0-4366-8255-c77c1a22b311,2016-07-17T20:43:09.419-04:00,Mae
a6e7fb2b-2917-4933-8c45-b5db91058c7c,2022-07-25T06:03:01.406-04:00,Mary
c8b265fe-6077-403a-9710-13ba0520cc39,2021-04-26T09:25:39.557-04:00,Mae
74897017-675f-4553-b19e-745fcb842d1e,2013-07-23T18:38:26.789-04:00,Mary
63bb58fa-0d32-4940-ab48-fa80097bfd17,2015-09-01T19:48:55.859-04:00,Alexander
436e477c-0329-47d7-8c67-a31587ac53ac,2015-06-07T14:44:55.619-04:00,Louise
8b6b3328-7f2a-46a5-ab7f-95060b4c2633,2019-05-30T10:05:00.415-04:00,Eugene
2320caef-1967-424d-a58a-0dc8168ebd6a,2012-07-27T02:45:55.449-04:00,Mae
0f5b3c1d-0270-43f7-9095-350dce319378,2019-09-25T20:05:17.741-04:00,Elizabeth
f0201e2c-1e68-4f2f-927d-87658db078e2,2011-06-20T04:26:57.545-04:00,May
b0f4c377-4566-43b9-b721-2b0f479b9874,2011-07-27T05:42:06.455-04:00,Jean
21d9dec8-3bd1-4722-a36c-eb1342c9da9d,2010-02-26T01:31:07.699-04:00,Matthew
37b0ff5e-2a86-4594-9d33-a2dd6591ee11,2018-12-07T03:47:46.198-03:00,Richard
574ce8d2-32e1-409f-a362-9699e80df9da,2023-04-12T19:13:24.949-04:00,Matthew
c3200102-e3c3-4959-80ef-d84477379c08,2023-03-21T07:56:15.965-04:00,Lynn
27ecb468-6455-41cc-ac25-5addb461adc7,2011-11-15T22:05:30.970-03:00,Richard
1dc8b910-4a66-4dc6-b535-c6844e121473,2020-10-26T04:21:54.403-04:00,Dawn
587fcf9e-5849-48d5-8787-048b9b6ca1bc,2022-01-08T19:29:01.814-04:00,Andrew
ffef3fe5-8a9f-4aee-a580-e229bf499a53,2021-07-22T06:31:23.801-04:00,Thomas
0b50ac40-c026-422f-a8e6-1379a2fae09c,2019-10-08T20:22:37.904-04:00,Edward
06a5e2bf-6a24-4db7-bb5b-0c318ef267c7,2016-08-23T02:07:24.675-04:00,Kay
a9490896-7f43-432a-ab78-175176117ca0,2018-01-06T18:27:26.943-03:00,Elizabeth
de3ca406-9234-4273-9e6a-0c869e5bc6c8,2012-02-12T14:26:17.809-03:00,Joseph
45889c24-77e0-446a-9b0e-6f88aa21022b,2021-01-07T03:11:07.092-04:00,Ann
c9119220-f22d-4411-aa88-a07461e450fc,2013-08-22T04:58:02.745-04:00,Joseph
0f41baf9-0bce-4564-a782-395698668dc7,2018-03-12T10:16:29.904-04:00,Joseph
d16395db-0d9b-4f8a-8b3e-dfc86a2d4ad1,2016-04-25T22:40:08.886-04:00,Marie
8f2cda18-c17a-44ea-b64a-f7c50ea67ac1,2018-01-31T19:12:49.799-03:00,Kay
1c19da87-b061-462a-8847-7237406ef948,2022-08-30T12:30:27.820-04:00,John
d9e873a8-85d1-4837-9837-be20bec3db5d,2013-12-13T10:40:03.559-03:00,Rose
370989fc-51bc-46b7-9654-6202cf10b6da,2016-02-21T08:32:06.731-04:00,Alan
95707d2e-375c-49c7-b6c3-5281dbc39be0,2010-10-10T13:16:34.901-04:00,Mae
61eb3af0-44fa-4e6e-af3c-5eafd1d2acee,2012-08-04T04:02:13.097-04:00,Lynn
2b8676ec-2aea-461f-a984-7945eb9a7fd5,2012-05-31T20:22:08.740-04:00,Robert
94a00d3b-1670-4d24-8873-bf76b553c4bf,2014-09-25T12:19:45.826-04:00,Renee
41d56091-76fb-4d7d-84ab-6abf2c1ab511,2015-07-26T13:09:45.876-04:00,Nicole
ab7cd8e0-ed66-4726-a1f1-ae4466325398,2012-07-27T10:23:52.268-04:00,Mary
71a825f8-3676-4b01-8c00-81820372f86b,2022-03-16T17:53:19.265-04:00,Michael
5d9bedd2-199c-4982-bb64-d980e53582cb,2013-08-09T18:25:15.991-04:00,David
aa2d3af7-a99c-490b-af67-b701b043aeb6,2018-02-03T13:23:08.600-03:00,Lee
3dd9757d-64de-4608-846f-e1020056981d,2015-09-04T08:35:47.642-04:00,Scott
e7920f5b-af9c-411d-b9d5-ae09d2c7cdae,2019-12-07T05:25:29.279-04:00,Allen
7e9764a1-e7e3-4905-ae42-e577b6e0d63b,2012-09-14T14:03:55.442-04:00,Anne
6124a460-d88d-4f70-90e9-87e1774fd334,2013-03-10T18:46:59.770-04:00,Francis
7edde423-9d38-437f-93df-68e43f738eb1,2018-01-14T14:04:30.844-03:00,Lou
e8f811db-d0e3-4cb7-951c-6154b463abb5,2013-09-27T14:46:04.794-04:00,Henry
2fb4224d-7774-461c-8260-84b9b0561240,2020-07-23T22:34:03.563-04:00,Lynn
58460166-7f7c-42e7-8e9c-fc5f9116a8d5,2013-06-13T06:49:20.278-04:00,Allen
6d9e9f8a-c754-4ddc-9a09-978002404aab,2013-04-02T09:15:48.994-04:00,Michelle
6313ecf6-d578-4175-9e3e-148ebe4033ff,2016-09-22T02:25:12.352-04:00,Eugene
39ab02a8-f162-4f00-baea-44860fa45caa,2013-09-22T17:37:12.004-04:00,Sue
3d618d2e-489a-4662-92dd-a1f3d4a153a2,2011-12-16T08:44:28.245-03:00,Nicole
c1830a30-da20-4620-b55f-c88955dd8b02,2012-11-19T13:15:47.622-03:00,Michael
2d08e423-c4f3-4d86-a1ac-d0fbe312f501,2014-10-18T11:06:09.227-04:00,Mae
8a0a580f-71f8-4a5e-a682-18da10e8fc18,2014-04-29T05:10:55.472-04:00,Margaret
b4deecc9-62c4-4565-b3f8-05c38c897ead,2019-03-16T16:06:59.157-04:00,Rose
e269e52b-eb50-409b-b21a-5d66882d31ee,2016-04-09T14:48:00.557-04:00,Allen
8cbe32f0-fd85-4653-8996-a8873ee4b85b,2023-02-27T15:06:34.669-04:00,David
fb706cd6-ee29-418e-9bc3-b7d10ffd59ab,2018-12-23T09:57:11.449-03:00,Anthony
a0857c3e-cc71-4b23-b839-78fb50e081f7,2020-08-21T03:40:54.728-04:00,Elizabeth
bdffd46b-8baa-4492-8b82-0cca635efc5d,2011-03-16T06:42:06.858-04:00,Scott
20104881-4479-4c46-afc1-9def6646f08e,2013-12-24T16:30:18.227-03:00,Irene
8b256f24-e3ee-41df-81a5-487ac5b7c1df,2016-08-23T05:21:55.735-04:00,Rose
484f3df6-2780-4b01-b6da-55d4f605f7c2,2011-11-13T08:16:03.692-03:00,Rose
3e614712-d403-494c-acb6-d64143ffdf9c,2011-09-08T06:03:56.665-04:00,Lou
81b05a77-7f72-404e-9299-ddc6a463adcf,2011-02-07T06:24:22.108-03:00,Francis
52ca76dc-abb0-4f1b-864a-c7bf1de027f2,2018-04-16T15:59:04.084-04:00,Allen
71c26dcd-e92b-4b37-830d-179b1864aa2c,2018-07-20T15:49:55.765-04:00,George
a9f548fd-2906-4da0-9936-2709b0f25a33,2016-12-30T23:47:35.589-03:00,Margaret
2c9a1ceb-bfe2-4373-b71a-86ebac75ff60,2018-01-06T08:07:08.277-03:00,Michelle
e0e12aaf-2882-4bd6-baf5-680926b29410,2017-01-09T10:22:18.840-03:00,David
acfc7c28-781c-497e-8314-b15621c3d88b,2015-11-23T21:47:21.343-03:00,Richard
c36c7afc-8aef-4581-b895-768685a4f662,2010-05-05T10:30:05.199-04:00,Sue
209e081a-48ac-42e0-9144-b2bdabd565d7,2010-12-26T10:52:01.271-03:00,William
86c86320-ab4e-453b-8c4e-674fa79b7184,2017-05-24T11:19:30.329-04:00,Charles
a43dad36-686f-4c8b-a1a4-13e92e9e38fa,2020-06-13T12:52:03.288-04:00,Marie
2b0d8425-0a83-495e-9eb7-9eaecd7d6c47,2015-06-30T19:58:09.742-04:00,Edward
dc1464f7-987f-4ea6-971c-50649972fb34,2019-11-12T08:41:20.944-04:00,Richard
33a5a1a8-e2dd-4fd3-8d51-fec78de36a26,2023-01-03T23:21:56.524-04:00,Allen
364d918c-e36e-4c03-9382-7944d7f83e2d,2020-10-17T19:26:11.499-04:00,Dawn
69e8fcc2-90de-421a-8092-504111022558,2018-05-28T20:43:33.501-04:00,Marie
bf5cf8f9-c585-4a70-87af-145f1f2588ad,2014-03-30T17:56:53.330-04:00,David
f8f9b0f9-b12c-4a4a-9229-f3532011f8d7,2021-01-05T17:53:32.914-04:00,May
b15d528b-e671-43c9-b99f-9f8d9fb434ea,2014-02-07T17:52:24.817-03:00,Mae
da792703-cf23-4963-bbc5-7551be9decc8,2023-04-07T22:03:38.326-04:00,Rose
4def96a5-feec-4b60-bd49-df165620a8ed,2012-12-01T05:22:55.672-03:00,Anthony
0ab70e96-a329-46dc-a7fd-062cd1917fe2,2011-01-02T09:38:18.887-03:00,Grace
f01aa7e0-4908-4f6a-be29-8e2d0fa19157,2018-08-08T08:37:13.040-04:00,Jean
eea19ada-6594-4a82-a3ab-cb1343b238a5,2012-04-19T04:35:43.998-04:00,Nicole
fa2dc1e4-dc22-4769-aacb-80f5e8cdc191,2011-09-18T12:28:24.386-04:00,Lou
3ef3e9d4-653d-44fa-be5d-f6076ad8cf7d,2015-12-22T11:58:53.686-03:00,Robert
f3929ad0-4e74-4061-ba7b-84168780b441,2016-10-15T04:33:20.709-04:00,Jane
cf67bb98-8c45-44b7-bd7b-5acc791ed136,2022-05-26T05:42:34.095-04:00,Ruth
4c78a638-3e91-4d8f-b207-575b5a46d3ec,2018-01-05T10:59:27.695-03:00,Mary
40c9cdc2-7a7e-4644-b72a-c9d461659fb5,2015-01-19T02:15:07.108-03:00,Jane
6b38d549-fafb-4ba5-8ecc-837f37060975,2021-01-26T07:20:46.355-04:00,Irene
8c559928-424c-46ff-96d6-a823cf13f5ec,2020-02-01T16:14:42.410-04:00,Richard
4a7be395-de0e-4643-8ad9-a3b0d0f3e5cb,2016-06-04T10:19:55.319-04:00,Anthony
61f7b19e-1a2f-457c-a1ab-11dae452faf7,2022-04-27T12:04:10.350-04:00,Wayne
f4f06fe2-f536-4939-9a2f-72a33cac413a,2017-07-21T11:14:51.739-04:00,Wayne
6a24d08c-d540-47ad-9149-2536a87e834b,2017-03-25T05:39:14.081-04:00,May
f637b3fd-d016-4e49-a893-e1b0a02ee6cc,2018-05-17T16:52:49.481-04:00,Ruth
0e7bde89-4d79-479f-8aa1-edc17c75f135,2014-12-19T04:59:11.045-03:00,Thomas
6305ef92-e7eb-4023-aa55-b45fdc88fe31,2018-05-08T20:15:49.381-04:00,Lee
00b9b798-12ac-4c6d-9de5-40426674fb88,2020-05-30T01:50:11.859-04:00,Lou
a33ce192-201d-4ef4-9014-1a43f6aff09a,2016-01-10T03:24:27.908-03:00,Dawn
91e367f4-9cd8-4225-a819-caa5c8d81b25,2022-02-12T17:24:55.560-04:00,Michelle
002e1dee-ec4d-4567-b774-fe7b4879cb26,2013-10-05T04:54:51.043-04:00,Alan
8faf5604-e589-4ae3-a3c6-6e87d59e5e06,2023-04-02T18:47:36.508-04:00,Francis
a7b28c35-d68b-4d6c-b08c-7705167bb06d,2015-03-14T14:03:27.996-04:00,John
0d6639d0-5273-42fb-9f7c-b55f554121fe,2022-04-03T21:55:20.430-04:00,Jane
84ac461d-ad72-4309-b108-76446b6565c5,2013-09-15T16:25:23.020-04:00,Jean
42b5b3f0-12c5-46db-a4d1-caf73ca9726b,2023-03-16T01:31:14.777-04:00,Ray
2e803dcd-76e8-4751-a28c-e2e3b554ed55,2012-01-06T23:34:54.320-03:00,Matthew
91c82ff8-0fa9-4a16-bfb9-5fa9c02b7dfa,2011-07-28T01:42:58.802-04:00,Wayne
61041971-f332-4f80-a083-2df323a75160,2017-11-17T14:11:48.644-03:00,Charles
f2de5044-ac68-4555-8fc5-83bccbdb22b5,2022-03-10T04:32:45.324-04:00,Dawn
0330769f-dd71-4bb4-b486-df5d02ffb6e5,2022-07-03T18:47:09.615-04:00,Irene
529c2e75-26bf-4999-bf26-cfd2edd4b7fa,2022-10-08T12:00:27.183-04:00,Michael
9827675b-ff08-4c45-a80b-44cba69114cb,2012-05-26T08:12:03.876-04:00,Matthew
01fcd564-31b6-4009-b6dd-9f47ab4e7264,2016-08-27T18:39:53.176-04:00,Irene
a93c3f91-ad96-4dc3-8201-5bea660d33d5,2013-11-12T00:24:17.701-03:00,Grace
bab9709a-9465-4004-b1a2-ccf9f6f3ce93,2014-06-12T15:22:41.843-04:00,May
85de945f-7b46-40a9-9cf0-3c2c806b9970,2015-06-09T20:16:12.241-04:00,May
203bcf53-f16b-40bb-ba9b-fecae18ecff5,2010-05-01T21:43:23.351-04:00,Michelle
a57d281e-521b-4e0b-a829-c0303ba81ce1,2015-04-10T03:43:25.839-04:00,May
626d32e9-57fb-4808-a82d-bddfb7efa620,2022-10-05T04:11:33.949-04:00,Edward
68a030ac-9257-4b7c-86b8-9001b6c1b7f9,2021-07-22T22:22:14.081-04:00,Michelle
2003e758-695f-407e-9022-7de95e86b175,2016-05-01T12:49:58.320-04:00,John
a449c1c3-81b7-4b22-85f3-7cddfc316342,2012-11-02T00:32:02.719-03:00,Thomas
a367315f-c17e-4b77-a3c8-518845db1db4,2012-01-02T14:02:04.348-03:00,Michelle
ebc01d72-cd55-402d-a25e-a15751eecd94,2015-10-14T17:14:44.969-04:00,John
30fd840d-5bb8-425f-8b91-483dd6404242,2023-02-02T15:29:56.724-04:00,Nicole
65cba2ef-8f10-4940-9340-fb71328e9aa6,2010-10-13T06:26:09.432-04:00,Lou
a4043c43-feb7-474c-843a-cb5e9d954203,2020-04-28T02:27:29.108-04:00,Marie
6056198f-5b4a-4b46-855a-1a83b3b3d813,2023-02-21T10:32:01.901-04:00,Joseph
eb49ae6f-5bbd-47e9-9652-f132d725c56b,2016-09-28T06:28:34.356-04:00,James
25e007a0-9138-4a36-aaab-2599aaf7a2d3,2012-12-31T18:24:39.558-03:00,Eugene
fd30b740-9f5e-4b7e-984d-b0630c44755a,2022-05-27T11:53:57.128-04:00,Henry
fe6190f2-0206-4301-9296-106cd4304127,2018-08-11T06:56:08.702-04:00,Louise
fabc6fd1-8eb3-40a7-b962-61758e05d944,2021-03-09T16:45:10.423-04:00,Lou
6420ca8d-15b9-4d64-99b7-60dbec818eaf,2014-08-26T05:16:11.653-04:00,Robert
492611dd-4a73-4f76-90eb-89c9587db5f2,2014-08-29T02:49:47.045-04:00,Richard
fc67efc8-e4a6-4a4b-bf96-6fe4f6f1ca25,2019-08-25T22:11:32.640-04:00,Jane
aa1ede94-443d-4c08-93e8-5db404ab2e85,2014-05-25T04:14:30.229-04:00,David
b3e33758-ebf6-4692-b685-3ea87b722492,2013-08-05T17:34:04.630-04:00,Alexander
81520248-5544-4c5b-b55f-23f692afa17e,2013-07-22T01:21:58.495-04:00,Henry
43373322-fcbd-4e98-8b8e-edaabfdb830c,2017-03-19T03:07:35.793-04:00,Michelle
2b1604b2-5caf-4df3-9a96-60cf10b2acbe,2020-06-19T07:31:58.649-04:00,Louise
3d5f6816-7aff-4818-9182-c1d5ba21f499,2016-01-23T10:48:47.237-03:00,Robert
d6c37d71-dfc1-4bbf-9a7f-aa70c7fc926f,2020-01-10T18:41:54.088-04:00,Ann
c80a931f-0359-4c5f-a35a-00b9a67afd1d,2010-09-07T04:56:57.464-04:00,Nicole
28eb5532-f147-48a3-8c15-2912eac1ba45,2016-09-15T16:24:01.403-04:00,George
96c014f2-8289-485f-9fd1-585adb7a621a,2019-03-09T23:16:35.981-04:00,Charles
285b3b7a-4964-481f-bdb2-44bd5c99f1cb,2013-08-19T11:32:24.424-04:00,Jane
b83827f8-f0b0-4e9c-a93b-490ce16849b2,2014-08-08T19:41:39.106-04:00,Matthew
b5856074-697a-446d-a8c4-9f8e319a0b2e,2017-08-17T05:36:53.957-04:00,Kay
e3830f1c-1582-4934-8c06-fbf503f3fb6b,2022-04-11T06:37:44.832-04:00,Renee
c3e8ba54-ab90-4137-904d-b403893a6aa9,2021-05-08T01:59:28.339-04:00,John
ab25f017-efa7-4366-9fdf-eedb7db92370,2011-10-27T20:49:47.002-03:00,Sue
a4d99c05-ac9f-4e9d-9887-8faf59880cb1,2011-11-12T15:14:17.630-03:00,Andrew
de2c4d43-bb3d-49ef-8087-5b5cc46d710b,2019-12-02T13:35:43.868-04:00,Lynn
8ee1db2b-45da-42b9-8bb7-729b5d388eb8,2020-04-29T19:24:31.965-04:00,Ray
6f15ef9c-8a86-473e-9786-c78597b6b63c,2016-11-09T12:55:15.685-03:00,Robert
23bd814f-d574-419a-9c95-2386b25bc092,2015-10-29T05:25:27.379-03:00,Alan
419f85bb-ae56-4af3-bae0-d6cd566c2c52,2011-05-20T02:01:05.844-04:00,Eugene
62c827ba-e5b4-4758-a11c-1e04074cfdb3,2019-05-21T21:45:57.320-04:00,Lynn
7be6513d-5072-4b4d-9e49-029db8037b44,2014-05-04T06:52:50.474-04:00,Elizabeth
d8e7081f-532b-4f97-8156-4e675201aa4c,2020-12-16T13:08:26.092-04:00,Robert
5745ee80-1b84-4f80-9715-0c4d108e52f8,2011-04-25T08:37:20.280-04:00,Anthony
0da33987-2255-4ebd-8240-d77207b3d956,2021-12-22T05:12:10.026-04:00,Lou
8900a708-7259-421e-8952-52180370cf5d,2018-06-07T00:13:27.382-04:00,Ray
105a9eae-4bfb-4da9-9265-b933c2c3ec8b,2021-01-18T12:01:19.764-04:00,Dawn
21a33e48-17ff-40e9-bbc7-0486dec72cf2,2021-12-26T12:12:03.982-04:00,Matthew
757dd8ac-22ef-452d-8936-22e1e92b7a14,2015-03-15T21:06:55.370-04:00,Dawn
e88184b8-64de-4a89-8250-c82931b20a1f,2010-05-15T11:44:27.195-04:00,Elizabeth
987f3b15-bf07-4d32-9f47-e7519bddd3b2,2014-11-15T18:20:03.252-03:00,May
136e1e85-ce2b-4035-8ad5-24bef6578b72,2020-04-21T14:55:54.571-04:00,William
164da910-bd8a-4944-8b2e-43e69f06ecdb,2017-08-18T08:49:26.747-04:00,Rose
19cd1dce-b303-4956-a4cf-4d12f7944d99,2020-09-16T09:36:37.842-04:00,Joseph
811a98d9-886e-49e4-910a-bf1af9532e72,2012-10-08T22:52:11.072-04:00,Louise
3986e8ea-1484-497c-ad64-155d6d6ad7e1,2015-10-02T10:08:30.979-04:00,Ray
f5633196-5b43-4e80-898c-687a4e0df1e5,2020-05-26T21:05:02.251-04:00,Charles
58d0f28d-6887-4a99-beb6-fe367655eb8b,2011-01-24T13:57:25.097-03:00,Renee
3b103acf-4134-464e-b961-d4ea9bdf6f7c,2012-02-25T02:28:00.452-03:00,Matthew
c2c37042-85b9-4812-b6d9-6b24cfb324a6,2011-05-13T10:29:48.431-04:00,Eugene
21036269-7b97-44eb-a5fa-14abe29536fc,2015-01-18T18:42:12.255-03:00,Thomas
602b860f-f59e-4a60-a345-e6f7c9b8c0fa,2011-12-18T02:38:01.798-03:00,May
c7009f5c-fd7b-4234-80fb-d37b038f686c,2013-09-18T19:40:57.990-04:00,Lou
cc24989e-5382-45c7-8172-4ec050bf6fa7,2019-12-03T08:15:54.927-04:00,Mary
f8eca96c-8db9-4439-8071-d9bb51e11b33,2012-12-01T20:32:10.458-03:00,Anne
016c76dd-b4f2-48c8-bf22-30706bf952f8,2022-08-27T17:10:07.126-04:00,James
7a0ed62b-8841-4f7d-8cc9-87e40161b07c,2016-12-26T04:29:35.468-03:00,Mae
53fd9a75-9076-471f-a2a3-5bbc7ade7eac,2013-01-13T16:27:21.667-03:00,Lee
66f8cc71-9afe-4bfc-a06f-7883265eab9c,2021-08-16T03:43:30.297-04:00,Anthony
5eced369-3c6a-43f1-ad09-a72d0c40df8a,2018-07-26T21:34:31.561-04:00,David
1efe7165-8c71-4d84-81c0-d5d23e77ec7d,2011-12-09T10:19:34.155-03:00,Lynn
f80114ad-bef3-4ad0-8bb2-e5a482942166,2021-08-30T20:32:06.918-04:00,Marie
fa515e6e-706e-475e-8f42-1c3242f90ac9,2015-05-25T20:38:08.137-04:00,Sue
15cbc18d-30bb-4ee7-8477-5df837530c86,2011-06-20T21:53:35.188-04:00,Ruth
a6d1989f-d0c4-4337-b42a-bc861ea57497,2013-02-14T00:01:51.236-03:00,Kay
0ecb490a-e954-4dcb-a0aa-2ce133cbca02,2022-06-13T19:51:13.148-04:00,May
a4da3d4e-30bf-4e72-84cc-89d60948fcd9,2012-05-12T06:41:03.746-04:00,Mae
df62b1f4-79c5-4e55-903b-096705cd37ff,2021-10-04T17:00:02.226-04:00,May
3503f4d1-a6a1-4b77-9ee9-7dbbd6efd38c,2019-12-11T11:02:29.355-04:00,Michelle
c0b2e0b0-4180-49d1-94d1-c423930d9da3,2021-03-20T00:45:52.383-04:00,James
de74a353-a29c-4f9b-bfef-2fb064dd073f,2012-09-27T10:12:56.729-04:00,Eugene
2adef01d-0b3a-4c71-a501-b9bf9bff30cf,2014-12-26T23:38:56.499-03:00,Francis
ccad58e5-dbb9-4ac1-88d0-6f896b61e987,2022-02-07T07:09:47.969-04:00,Jean
ec2a1fef-9da0-49f7-af9c-f556a60c6876,2014-10-19T23:09:40.931-03:00,Jean
cf431caa-348f-4261-b959-6c3583c37b16,2018-03-12T12:03:19.050-04:00,Lee
d169cca7-4033-4e1a-804f-e94502a08356,2014-05-16T05:29:49.423-04:00,Robert
316af3f8-456b-4afa-b174-53713cf6465e,2018-05-22T02:57:00.107-04:00,Alexander
bf58611c-68b3-43af-8c65-82098f6af02b,2014-07-23T07:57:33.815-04:00,Ann
da051af4-868e-4792-92d6-668506d617d3,2015-12-24T03:03:58.594-03:00,Robert
040d623c-c36a-4a19-b64c-e42dba935c29,2022-03-14T18:51:00.676-04:00,Wayne
2ec6f243-2d65-430f-abe1-447479768abf,2023-03-18T21:08:17.077-04:00,Andrew
315900e6-69c5-43a9-b514-0ed1b611883b,2019-02-04T03:05:00.087-03:00,Ray
c76880e7-07b3-4372-a25f-903590982a65,2012-01-17T12:05:41.086-03:00,Charles
782607d3-7675-4cda-ac1c-cf5e1fc552e9,2015-09-14T18:25:42.415-04:00,David
14314257-7c47-4de5-93f3-d30854cce2cf,2022-05-08T17:39:04.000-04:00,Henry
b7204ca7-ce8a-49e1-ba5b-e4aa59ddcb0f,2018-01-07T13:29:37.785-03:00,Michael
45ece6d5-318c-4dcb-a0e2-05a37fd5545f,2022-11-29T11:47:56.305-04:00,Francis
df4e3f2d-1917-40d6-8b3d-40584804aa94,2016-07-06T01:40:37.008-04:00,Kay
3e286e5a-2503-41a7-a493-82d76c1d5604,2020-09-02T13:48:57.023-04:00,Margaret
ce31df68-7d59-4493-9bfe-53100cbece07,2020-11-16T20:57:41.310-04:00,Mary
bd0d5a2a-d456-45b5-86ec-85dcfb8f96a7,2013-01-19T06:12:47.644-03:00,Alexander
b28df266-a30a-4db2-89be-c71de48b8b6f,2022-12-08T11:24:42.588-04:00,Sue
9228fab6-ae7e-4abf-b8b2-b61c79a01819,2012-06-17T09:35:19.047-04:00,George
0c600322-45f1-4bf3-a30c-8ee9f3a2ab96,2014-08-10T12:39:57.665-04:00,Joseph
6ba3fef6-1994-4c19-8e6c-f9759d03d943,2016-08-02T18:19:35.591-04:00,James
93b81ab4-1058-49a7-873a-5792f779c5bf,2012-12-27T11:28:15.981-03:00,Mary
8554bf35-15cf-4d5c-b93a-d55cb543351c,2017-08-05T05:13:15.226-04:00,David
564f2b0c-c51c-4f91-8ace-9f1d7129d843,2018-08-16T10:53:11.555-04:00,May
1e526d0e-2c1c-4b7e-898d-f49c438a5590,2018-01-15T03:15:50.893-03:00,Charles
dfa7fb68-fd75-4853-913a-d374ebc83141,2010-06-23T21:38:55.618-04:00,Andrew
af9b4ea5-75e1-40b6-92b4-1b85d266e33f,2018-12-12T09:48:24.838-03:00,George
4e51f3c6-2311-4bf7-9ab2-91680d75d81e,2011-09-10T04:18:37.151-04:00,Thomas
08429dd6-385f-4dee-8999-0981a8b9e10a,2014-01-12T15:44:49.959-03:00,Marie
b31b670b-7755-4c22-b95b-ad0a4de08b8d,2013-10-24T15:39:47.204-03:00,Lee
dc08772d-2a7c-406f-a39d-d4f88496f981,2020-02-16T08:56:55.575-04:00,Anne
76e838ab-c1bc-4a53-83b8-110f2e56bd73,2021-09-23T02:06:11.500-04:00,Wayne
86eed657-0108-461d-99dc-27f82f7cadbe,2012-09-27T14:52:00.138-04:00,Thomas
cd0039bf-58b9-4afe-ac5c-801b44eac4c5,2011-04-12T13:54:18.093-04:00,Richard
0a91731c-cee2-46a7-aa65-81d41b9b92f7,2013-07-22T19:16:22.196-04:00,Michael
a76fb0bc-d70f-4528-979a-9421b792cd28,2018-04-04T20:56:55.265-04:00,Ruth
27584c6d-bc30-4c16-8782-86dc0247eec4,2018-09-18T01:15:40.355-04:00,Margaret
790e9bc5-f17e-4049-b060-993c3abaca53,2012-04-10T13:44:42.138-04:00,Richard
45fd6186-4063-40a5-ac03-fa1a98015955,2012-05-03T08:32:32.159-04:00,May
920e4d00-38d2-4272-a4e2-82e06bf0e2a7,2018-01-28T19:30:45.824-03:00,Thomas
fe4ae4f7-a45d-4e45-abbc-057eabba0fa9,2011-03-22T03:51:39.292-04:00,Ann
06e94847-7391-46b6-8f0c-1b4db0696c82,2014-10-17T03:24:16.355-04:00,Ray
1cde22d3-eca8-4fd8-b22e-6d6c25dda014,2021-04-21T21:53:55.946-04:00,Lee
0802bae1-150f-4154-9a37-d4afb60e1635,2019-05-12T06:35:21.792-04:00,Andrew
0031e537-2946-469b-bcbf-8c93ecd8e03e,2012-01-14T19:14:05.520-03:00,Sue
cc095741-9cdc-49b8-8313-d7d7d6cbc3a5,2019-12-28T02:35:50.646-04:00,Francis
7f43df2d-88e0-47a7-9091-1869407755fa,2014-06-08T17:05:39.673-04:00,Lynn
97a8d71f-c780-488f-bbb5-7c415198687e,2017-05-18T18:42:40.388-04:00,Michelle
82ab97b6-bcee-4c91-ba24-f1446ecc1586,2022-09-03T04:38:49.459-04:00,Jane
8f22034b-0639-4928-9e3d-da64c9333631,2021-08-02T18:22:53.634-04:00,May
f07e730b-76a4-4bc6-96ab-260ef5b20e67,2022-07-22T17:49:07.152-04:00,Ray
f5b22ded-09a9-46d8-9ca3-049afb0f4dd5,2022-11-11T08:45:55.254-04:00,Thomas
0ec033ab-5d3d-4576-bfb8-b20579db5100,2010-09-05T16:52:09.302-04:00,Mary
e62bd71a-f239-4aba-b02d-7bc8a03a0005,2012-03-18T14:59:15.531-04:00,Grace
7a8c9048-4495-4cf1-854f-90187354bb16,2021-12-08T13:03:04.758-04:00,Dawn
c077d149-5d26-4440-916d-73859a071617,2017-01-15T21:40:17.089-03:00,Wayne
12874e2f-6a5e-45f7-b853-2369c16752e2,2013-08-30T03:41:36.710-04:00,David
289e32fa-48f3-4412-9343-70caa3406f69,2010-04-10T13:31:47.052-04:00,Nicole
c733b76b-4d22-4e4e-ab05-33ff64c9aa1a,2017-07-31T17:55:34.868-04:00,Anne
e586952d-a4e4-4c68-a7d3-184491f20aa3,2022-03-16T10:58:36.993-04:00,Ann
5c7c2c92-70ee-4b98-9bfa-a733d57c1557,2016-10-31T14:20:15.979-03:00,Louise
c2801112-0b02-4a38-a502-6b63c9ec401f,2016-02-26T00:41:35.124-04:00,Irene
0975c60d-ffa6-4a7c-8709-6961e29c8009,2010-11-14T19:25:51.274-03:00,George
408e80b7-89d4-4590-92ce-9b13767ad16b,2010-11-24T10:17:39.685-03:00,Alexander
12425fe3-0310-49bf-b7b3-c70f2fae704b,2018-07-13T06:09:16.860-04:00,Michael
4a13f80b-1530-4403-8525-4fb7db8081a1,2018-12-25T08:17:51.035-03:00,Marie
5f04c6e7-49c6-429a-9cc9-ee5ce5763c7e,2018-02-28T13:18:13.421-04:00,Ray
c21e7411-78a1-4063-8f16-5bf0d592b477,2018-06-03T18:42:34.819-04:00,Nicole
cfce7e06-9830-4715-b9eb-d4234e526e95,2018-03-08T02:28:41.483-04:00,George
b8756ac1-9378-4d3f-b945-0a3176dee6c4,2018-11-12T10:11:28.880-03:00,Sue
3fa7127b-bae1-4ea4-989c-1093a9734c15,2018-05-12T13:12:50.104-04:00,May
3277b67f-61cd-4236-8360-a1426840521b,2010-01-27T05:11:57.187-03:00,George
fad94cbc-08a8-4130-9aa0-9bb7731506e4,2011-06-01T19:04:59.397-04:00,Lee
4d98fef7-8237-4630-bfba-f7bb8caf9e89,2022-11-28T16:23:30.594-04:00,Henry
04ea8e49-304d-4c33-9663-1150ceadfee8,2017-09-12T07:30:52.464-04:00,Richard
89014c5b-7261-4081-ba23-f3b611b5f0ff,2015-11-08T09:55:16.845-03:00,Nicole
63f08bcb-829f-4ef2-a8ba-699a88b6b2e7,2010-08-14T11:17:54.104-04:00,May
d1cb92e4-a2c6-4413-8d54-1a63cb2d51ef,2020-03-03T00:56:03.675-04:00,David
08f3e9b5-fbb1-4a15-95a8-42808e96d0f0,2011-04-29T10:25:48.777-04:00,Henry
21bf5046-74f8-432f-9c0c-db9024e48313,2017-11-19T07:31:01.685-03:00,May
9834eb7a-ae71-455d-94c1-4566fddb1230,2014-07-10T06:27:42.836-04:00,Louise
1b06414f-f7f2-4abe-9375-9491eee5f5b9,2018-03-13T03:31:24.724-04:00,Ruth
cfcf1f6c-19e8-4aff-ab35-8c614b605bc6,2010-05-21T17:52:36.203-04:00,Lee
9b94efa9-12b8-4751-98ea-284e8fe4b2c9,2012-01-01T02:35:27.219-03:00,Robert
94a5bf4a-d15c-40e7-bbbb-4ed4231a9253,2017-05-26T20:17:57.549-04:00,Dawn
446ba917-12e3-4e82-9b05-ef7a7fce319f,2013-04-22T13:26:42.138-04:00,Elizabeth
0bfff9c3-02e9-4c63-b673-0695e24f533a,2014-06-26T23:15:16.877-04:00,Michelle
f3be0ba4-03ad-408e-97d9-12e591d6ab40,2010-12-18T09:32:48.485-03:00,Renee
48d330e6-12a3-4950-9325-a8364940194e,2013-11-22T06:31:46.482-03:00,Ray
eecdf2c1-d102-438f-b863-0c950f393ccf,2017-09-19T12:46:36.153-04:00,Eugene
adb6ad67-14bb-4141-b45c-0b24665f432f,2015-09-06T10:48:37.277-04:00,Lynn
59c257ed-cb03-45ea-abdf-d56bd66975b0,2011-09-19T22:28:56.696-04:00,Margaret
d6bb6495-8910-4da3-82d1-7e44a23d6914,2020-05-15T09:55:43.911-04:00,Lee
ee9fe8a9-3ad2-453e-97cb-11ac20a6e68b,2018-04-17T00:55:47.376-04:00,May
9aaae0bd-feac-4674-b4f3-1eb7b031def5,2019-06-17T15:06:03.273-04:00,Dawn
31672667-4799-4f4f-846a-0a2759e7e07b,2017-10-23T13:18:24.669-03:00,May
3fed0af2-5d92-4105-a701-651ee6e8eba2,2022-12-29T22:25:42.110-04:00,Joseph
88db094f-c6b5-4d0a-b522-d0dbe07eee08,2012-03-07T14:47:26.784-04:00,Anthony
00d7299b-e260-4212-8280-41453e9b0c6e,2018-09-08T11:03:45.868-04:00,Wayne
e339b402-9d95-43e3-9a22-d37b862623b5,2019-03-07T13:10:20.302-04:00,May
527ee317-de26-463d-8748-e08cd2f13b67,2020-07-10T00:25:21.951-04:00,Renee
4f10c1e3-e4f8-4c45-bf32-3ae5526e7e98,2014-07-11T16:30:48.021-04:00,Grace
92ef1b71-43be-4a5c-bad3-108aa4917b24,2022-01-24T04:44:25.690-04:00,Wayne
d91cd48d-ee1c-48c0-acc8-5be2e476610f,2017-02-20T07:28:50.673-04:00,Jane
62563ef6-97ce-46c3-b5ca-b248c3ca01e9,2018-03-15T17:57:20.549-04:00,Renee
18112706-da19-4ea9-b5e9-dbb26dc175c1,2018-05-05T00:39:50.889-04:00,Nicole
7d65ad23-c56e-4751-81f8-0e97457ea8c8,2018-01-11T23:55:44.524-03:00,Lee
347d711c-8062-45b2-a012-edaa6e20a639,2013-05-10T21:49:12.552-04:00,Francis
b853e31e-d60b-465d-b8e3-53bae443827c,2011-12-29T08:52:17.403-03:00,Alexander
e9d15f34-0312-4c4e-9120-23b353d19a2e,2019-06-13T00:52:05.002-04:00,May
8cf7f074-3988-4155-87bc-98dc54c39809,2023-02-18T19:13:57.495-04:00,Lynn
bdb8a36f-5317-4f4d-8c17-fbf3dc8dfc7f,2012-10-16T10:46:17.547-04:00,Grace
80fddc08-c42b-4cdd-8317-9cc30a636297,2020-07-21T13:02:25.430-04:00,John
c2c6b65c-1789-4643-8cf5-57df5fc791b4,2013-11-29T08:28:03.932-03:00,Marie
cda53149-7f87-44a4-be20-d540a7c083ae,2015-11-06T19:33:44.312-03:00,Thomas
09effbd3-db70-4218-8cb0-166d3c295a03,2011-04-27T20:24:21.833-04:00,Robert
cee6ec34-c300-40e0-a442-0bc01ebcd888,2014-04-20T16:22:11.610-04:00,Lynn
d7792948-8def-4933-a47e-8a7ba191db66,2010-12-25T23:40:03.391-03:00,Faith
19da2db6-a180-45dc-87ff-cf048018e1cb,2017-01-18T01:04:38.544-03:00,Marie
21c1345d-55c0-4f53-ac1c-8bb15fe0acd5,2012-07-09T10:20:19.711-04:00,Jane
b43c0d78-09ed-4a5b-8f00-f775d1ab8572,2020-04-12T05:52:58.582-04:00,Lou
485aa3df-c712-4f06-bf3a-d3c1c89a38fa,2011-03-09T12:28:49.112-04:00,Allen
219e5501-ada2-4444-bf03-d6d9045d5489,2015-09-03T23:21:12.088-04:00,Jane
9e70b209-1e0a-497b-8b46-2f115d60b361,2019-11-22T18:26:12.781-04:00,Lee
3ed8029c-1f15-45d8-ac0a-014dd3cec4ec,2018-08-19T03:00:21.995-04:00,Margaret
2487e487-2230-45dc-9821-b1de235e8efb,2011-06-03T18:32:17.665-04:00,Jean
c3c41204-e324-4c6a-bc9c-8761ce238d19,2013-08-16T10:26:57.713-04:00,Thomas
dd672665-ed8b-48cb-862d-f7b4168c0c8c,2016-12-04T17:50:17.108-03:00,Renee
10d7be85-d54a-46c1-a718-14e8e6997fab,2013-12-14T14:55:11.592-03:00,Allen
b4317a95-0c26-4f0a-8d64-53d687aa1d37,2014-10-16T03:05:39.689-04:00,May
222e0fbb-36fc-40b7-aef7-ec4108d1dc36,2012-06-14T02:38:49.754-04:00,Lou
9909110f-406a-4332-8565-175bd5dc8d8a,2016-01-07T13:40:56.620-03:00,Charles
1e0d1a78-2fa8-4474-a06b-c287e072dbaa,2021-08-02T17:49:09.260-04:00,Lee
2424d291-2340-4eb2-b593-80a6ee442b13,2010-06-23T13:48:46.391-04:00,Matthew
3e351b8f-e2c1-41ad-8905-3228c99a5828,2020-11-02T00:26:12.132-04:00,Anne
213e72b5-d455-400c-a26a-5fdca5e77b2e,2014-10-07T23:21:25.318-04:00,Joseph
f818802b-b721-4165-ba61-85fcacfe7490,2021-07-19T02:40:29.090-04:00,David
421c088f-f3a9-4958-99a0-55cef1d4b221,2014-09-02T08:14:44.434-04:00,May
88efb8e4-873b-4c10-8e55-c54a99e7669f,2010-10-24T14:34:48.457-03:00,Michelle
6f6e1fb4-ad57-46ef-9529-f3ef650d0941,2014-11-06T02:34:30.543-03:00,Michelle
64a2e558-63aa-42e3-a9aa-3df6870cce30,2015-03-18T03:37:59.856-04:00,Lee
cc43dfcc-f52a-4c7b-bcec-24773f7e9f75,2022-10-03T12:45:46.993-04:00,Richard
3cbaa14f-708a-4b68-96e6-5cef47efb343,2020-02-06T01:39:11.080-04:00,Louise
669b63c8-bc18-498e-a2a5-a515dd27bce8,2014-03-27T14:48:37.531-04:00,George
6b15b4de-30d4-4c05-b170-cdd95906d712,2015-02-08T09:11:18.174-03:00,Robert
2d4d84e1-d28e-4e66-a94f-4a1548096e90,2013-10-01T21:54:10.315-04:00,Renee
8abda14d-7dea-4d2a-b961-0bb87550cbb0,2020-08-18T04:24:03.597-04:00,Mary
4a16ed8b-5bd9-4727-ba07-a189595ca128,2014-05-22T16:06:37.533-04:00,Edward
ebd33bf0-514c-4be7-b93c-7603c17cb1aa,2023-03-31T02:02:49.682-04:00,Lynn
82aca6ae-580f-4f9d-9190-aa58bc19c2ae,2011-04-23T05:35:14.312-04:00,Marie
a1068429-42f2-4efe-bc9d-585eb7c8dfae,2013-12-28T18:30:25.792-03:00,Sue
617be953-935e-4eb3-8a07-5331d1b1b96c,2018-02-14T06:00:10.611-03:00,May
98f05d47-7fe3-45b4-92a5-ac29f546a2cf,2022-11-08T22:11:44.158-04:00,Eugene
2d849956-ed8b-40ab-9127-51b8ae6dffd2,2016-10-23T05:59:24.188-03:00,James
3f815171-952a-4cd3-a250-ca649c0ebd86,2018-03-01T03:51:10.861-04:00,Ray
6fef7413-9ea6-4bba-8734-991382bd953a,2022-09-05T09:17:44.947-04:00,Edward
ff490ef6-5a5f-4aa4-854e-ea995ad09e5f,2018-11-07T10:00:34.776-03:00,Margaret
e18837ee-0932-434e-85fc-285a33b04ae0,2021-12-28T12:14:34.192-04:00,Joseph
7ddf2192-0958-4b4f-9f5a-6cdf7da4fe43,2019-09-13T06:21:51.482-04:00,Louise
13adc10d-9f3d-41ef-860b-a3a53d13fd75,2013-12-21T22:26:34.383-03:00,Nicole
99bed78b-a9f6-41cc-870d-3c31fad204cd,2014-03-13T15:02:58.710-04:00,Robert
324bb876-e18d-4d32-8243-94a7ebc5d8fc,2016-06-11T11:43:01.539-04:00,Henry
1e2cdef8-aa83-4164-8a6e-46204dad7363,2013-10-29T23:35:08.106-03:00,Mae
7b66ace6-a25d-4f6c-9855-22e4d4dc24bb,2013-03-24T15:24:41.062-04:00,Matthew
b5c739b7-6c48-4e88-b65f-650a06dc0f28,2010-11-12T17:58:15.479-03:00,John
b3684279-12fc-43e1-b79c-8058c21bf74a,2020-01-08T01:28:27.722-04:00,Alexander
d4501535-d1d6-408d-bc51-27ddd1622a39,2013-10-30T11:00:56.592-03:00,Grace
5b7b6c34-9871-4efd-9dc7-61d92a709667,2019-04-22T15:05:08.880-04:00,Ruth
33952449-16c9-45cf-9d3b-22ef6ba4f7d2,2019-12-06T23:30:05.706-04:00,Wayne
d41de511-8d0d-44e6-b600-dfedb42c04d5,2016-05-02T01:45:44.539-04:00,Jean
085f206b-d04b-4f28-a66a-5c94292ab077,2010-04-28T14:28:55.091-04:00,Ann
62ccf124-ac38-4518-88db-405aced3d1da,2014-03-28T06:23:02.030-04:00,Renee
057dd89d-bfc6-4009-8516-edd8a5ed524f,2017-07-28T01:36:24.586-04:00,Margaret
eaba5ec3-4deb-4225-a983-fbbc9d122375,2020-08-16T09:53:21.296-04:00,Nicole
cbc4e926-814c-4459-8f75-6fa08acd455f,2014-07-16T17:02:28.728-04:00,Nicole
f598e9d3-d690-4e1c-bf71-7eec7c3e5c44,2023-04-04T09:43:27.802-04:00,Allen
413fcd74-603b-4cbd-aad0-8f48f637366a,2020-10-09T20:08:10.769-04:00,Eugene
bcc0f1f8-4d7b-43d5-8a52-6202da7def5b,2023-01-02T08:35:53.676-04:00,May
fed5c750-5b69-4c0c-b6e0-03e6ee93b436,2020-02-11T06:43:12.539-04:00,Grace
ba879ebf-f867-4203-aaf2-ed3c499ebe93,2016-05-21T03:10:57.137-04:00,Renee
a3d84f76-2f0a-445a-aafa-d5ce6c527b43,2022-03-12T12:45:03.732-04:00,Rose
a7685bd8-7c7f-477c-a19e-7e503fdae65b,2020-05-01T17:53:19.589-04:00,Renee
786658f7-2c39-477e-b630-9ad881462812,2012-03-11T18:36:29.948-04:00,Nicole
cba5f15f-bf54-488d-bfb1-4a7ee9008744,2023-02-21T03:46:10.576-04:00,Allen
110a9a7c-6f45-4312-91d3-561c2106f118,2015-11-14T09:18:11.105-03:00,Marie
908ee1f9-052e-4a0e-aa9e-cec536c72da3,2018-01-07T15:35:31.412-03:00,Renee
d972a199-4c31-4be0-bda9-be57ed6c3749,2014-05-10T00:09:05.101-04:00,Edward
1065e749-7a65-4d46-82f3-92c8d70d8a2a,2021-01-15T01:00:23.468-04:00,Renee
985c81c9-e2d5-432b-a31d-824c09dd659c,2012-12-01T10:30:24.729-03:00,Mary
ff9ab3cd-a77f-43f3-9149-f401e5cec6e4,2013-10-30T20:59:01.627-03:00,Lee
7161e01a-2379-4f29-ac78-2be39956d923,2016-02-11T10:26:53.141-03:00,Mary
8e53e59f-62b4-4791-9ce0-b3d309977b29,2012-09-13T00:48:17.747-04:00,Andrew
f5320902-277c-43b4-9b60-93d111cbbb4b,2011-02-24T12:47:45.306-04:00,John
ec2018e8-6444-4197-9d4a-f9e7f8d1d4ae,2019-06-30T19:29:52.530-04:00,Michelle
b283711d-3360-4713-a467-477dd542dc8e,2012-01-17T06:25:46.446-03:00,Jean
e06a6655-1c76-4451-bf04-3d84cad9a7d6,2021-03-10T08:57:00.783-04:00,Jean
294ae127-ab75-49a2-811b-b7e97d8939b4,2011-02-03T01:13:21.497-03:00,Alan
f6649084-407a-43f2-b718-1bcf1400037a,2016-02-24T19:11:36.664-04:00,Charles
2401f921-e28e-49e7-94ac-46598bb1a319,2017-01-12T22:39:15.048-03:00,Charles
5aa10038-d88d-491c-8bbe-81a998ff5d71,2014-12-28T06:29:24.687-03:00,Michelle
f08f33a0-6545-4a51-a097-b1a39bf72c31,2013-07-31T08:44:21.474-04:00,Eugene
184133e8-dfa9-4771-88ed-e94afc7bb676,2014-01-05T21:00:24.773-03:00,Eugene
7b77685d-d634-42be-a1c7-af48dc9f2781,2012-02-27T19:40:01.872-04:00,Anne
62c37dee-8e9f-4153-9f62-12a326357135,2013-07-16T08:12:25.422-04:00,Lee
96a4003c-dbe5-4945-a062-1f422af0e9bb,2016-06-23T06:46:27.663-04:00,Michelle
0d45a4dd-7fcf-4500-8eb8-b45be2e826f4,2017-04-02T11:29:04.707-04:00,Ray
cfee135b-1c59-45dc-b072-37ab81870309,2019-04-23T10:55:23.465-04:00,Ray
beb48ef9-60af-4604-b970-cdbfbadb6568,2010-11-06T00:02:54.613-03:00,Mae
ec7816a7-9ff8-4617-b5a4-8c2f890ae60d,2020-12-10T05:42:55.576-04:00,Lee
65498f61-e19d-4d49-9531-e2603f228a6b,2017-02-10T16:17:06.392-03:00,George
fb7f73ef-e59c-49d2-9958-715a9d57eab6,2015-08-14T01:21:36.147-04:00,Andrew
984f152d-6bb5-43c3-b8d9-e002a927ba9b,2017-11-09T06:14:23.471-03:00,Richard
02d0c18f-5fcc-4a80-b0a8-6a4f247ff4cc,2018-04-06T15:47:00.799-04:00,Joseph
e0ed6836-5508-4c1f-9bb1-2423d8c711da,2022-06-21T12:30:20.783-04:00,Wayne
0447a3fa-1fab-4139-9614-2e1089f45d60,2022-11-08T15:20:42.230-04:00,Henry
2e1e4c32-ba94-4820-8337-6f20f1b8436a,2016-12-28T19:23:31.793-03:00,Richard
dc4bcdcd-904c-4411-9233-4418cc1109f8,2022-09-02T05:51:45.830-04:00,Renee
8b99bea3-0550-48c1-8c19-faa55b63b84e,2020-06-28T21:04:44.133-04:00,Mae
91fc4df6-2982-4623-88cb-6ebbb08f27c4,2018-08-26T05:42:44.423-04:00,Alexander
bebc67f4-5bb6-44b6-ae12-0a31a87c766d,2018-03-14T17:06:45.286-04:00,Joseph
b5a6516f-2333-4f51-8013-c30496e03bc2,2012-04-15T03:15:12.615-04:00,Sue
fa0fe295-f6be-4c83-b723-aa8fc4543640,2019-07-01T00:14:07.674-04:00,Allen
4d9e63f3-464d-42d8-bb66-e5903fd9fa2e,2013-09-11T23:46:45.540-04:00,Kay
ca72b890-1597-4101-a23b-d37efe12da60,2013-11-27T00:59:25.377-03:00,Kay
28ba4b58-7cae-4423-a815-4a7fce29a24c,2022-04-25T20:44:42.788-04:00,Grace
5be81f60-52e2-40d2-85e9-d366e09a0501,2013-04-12T12:52:45.338-04:00,George
c3d59c4c-b513-4243-844b-cb37f8074a2d,2011-07-31T21:57:33.447-04:00,Renee
418a1a0f-4c74-4a1d-81b8-b27ee68a6a03,2015-02-25T11:38:59.631-04:00,Wayne
01be1e92-70e7-4691-b148-476d5ba16d60,2011-12-11T06:02:05.989-03:00,May
b27552b0-64f4-4e80-a572-fe6135408155,2018-04-08T19:44:21.248-04:00,Elizabeth
4c951fcb-a080-47ba-ac4c-7d426ae80687,2015-08-17T18:39:03.075-04:00,Mary
0b68b1b4-f6db-4041-a5e2-f7ec68e7eee6,2011-08-31T13:13:45.873-04:00,Richard
7e1e39fb-258f-4bce-a9fc-f4043961cee8,2020-04-16T15:24:57.926-04:00,Joseph
d4f2f75d-1f25-4c3f-99a2-42c29cff8c51,2019-03-29T01:37:25.136-04:00,Dawn
8be164f0-eecb-4b88-8b50-b729df411d13,2019-11-18T23:41:57.389-04:00,Renee
398b1538-6f2c-4980-898f-322edb5aaa68,2018-10-21T09:50:19.177-04:00,Joseph
6651047a-0981-4165-8154-c41d6530b25f,2014-12-21T04:28:50.530-03:00,Robert
bb64225c-8a37-4c80-ab2d-9468e0723e1a,2014-01-22T22:35:49.507-03:00,Joseph
df808f51-d8ba-4d1d-a966-4f317c163139,2016-04-24T12:37:15.256-04:00,Ruth
ef35b7e6-b3ed-4e9c-9d23-37c8352368bd,2018-06-27T16:54:41.958-04:00,Sue
fa7bbe5a-a3a7-4ad3-b957-d37ee6e59d45,2010-07-05T15:52:25.005-04:00,Joseph
582e3b9c-ec6a-4b69-b393-a1e298ca4a77,2014-12-28T06:57:01.946-03:00,George
0f51a1d3-143e-4038-8db3-4b6b993082c4,2022-01-30T08:26:29.769-04:00,Anthony
50130cd8-0479-4ecf-ad61-11d6b662926a,2023-03-22T21:19:03.329-04:00,Michael
18ff686b-2648-4871-9754-1097c59d1d26,2020-09-08T10:05:53.049-04:00,May
f8ba7132-9d89-4258-8ed2-ce19a1144bec,2010-03-13T06:02:42.019-04:00,Sue
b94f5c3d-46c5-4875-a772-ca18fccc4760,2018-10-30T15:07:34.473-04:00,Joseph
deaeabfd-ad60-4918-93fe-f583a784d6e9,2013-08-28T16:12:07.640-04:00,Irene
102d1b71-df9e-44a4-aa47-e7a47eae661a,2021-04-25T21:09:33.507-04:00,Ray
8fa23d57-7de5-4ece-be1f-2edda7b8cc1e,2018-06-24T11:53:37.590-04:00,Lee
43a14779-3fd7-4a80-958d-120b01b1a60d,2013-12-22T10:43:38.868-03:00,Andrew
4276d492-e444-4a3c-a5b8-6b047d8287ef,2018-05-20T05:03:12.107-04:00,May
2fbf4df7-9669-4268-aa54-5a14b1a53581,2013-08-24T08:22:57.605-04:00,Lynn
0dd47a27-5aef-4e18-a06d-c37658d85454,2020-01-04T02:52:13.649-04:00,Renee
4fa9e82f-f88d-4e81-b545-d43e926f1ddd,2019-10-28T07:35:25.801-04:00,May
9bf265d9-f517-4252-acdb-b213453783ac,2012-04-09T01:32:49.656-04:00,May
2c8c1bf5-8d2f-407e-8ff2-f137457c47b8,2016-02-23T10:23:18.064-04:00,Scott
b87b8a2e-bc1e-43ae-aa4f-1b59f96b30fd,2013-10-25T16:27:01.485-03:00,Louise
cf82d679-ecdd-4b72-a11c-234f5d98b4df,2015-07-22T10:33:50.857-04:00,Lee
6425d7aa-608d-4710-b0d9-c0186afa0dfa,2013-09-04T22:04:24.992-04:00,Elizabeth
d7405094-cedf-4316-a407-2618eed515f5,2013-02-14T11:34:35.338-03:00,Irene
8ad39cc3-aa27-4731-858f-32c59b1def9e,2022-07-18T08:10:00.403-04:00,Marie
2c228176-fa2e-42a2-9812-97c2f15aa697,2020-04-27T22:36:42.133-04:00,William
41a2f911-8951-425d-ac34-4035cc054b52,2020-11-27T06:33:23.924-04:00,Mae
3b4f065e-d46f-4240-888b-8f977fa73517,2016-09-24T12:03:16.869-04:00,William
3080c23a-025b-4a3a-be21-bd7be7c64bd3,2013-05-04T07:27:54.493-04:00,James
ba2d6faa-f460-4486-830f-56fc258edf88,2012-10-22T20:38:37.705-03:00,Lou
49a168b2-72a9-4fbf-b7aa-937e8e95db25,2012-12-01T16:50:05.448-03:00,Dawn
c91a5548-d05c-4b28-ac84-c9cb87bd43d2,2015-09-27T17:53:46.193-04:00,William
324c60a7-a0a1-4076-82a3-c5fec3aeecb2,2014-11-13T15:32:04.463-03:00,Mary
d1a60fda-dae1-4e18-aa8d-2f666d5c7c16,2019-05-07T03:15:32.798-04:00,Joseph
2894f946-56ae-4bf1-8a10-33b92e6c6414,2021-03-21T18:02:03.064-04:00,Kay
8eb1d879-f457-471c-b932-51df2b01abb7,2012-06-24T17:41:45.856-04:00,Alan
7a522c7a-2cca-4ade-ac77-d108179f4218,2010-07-04T18:13:53.983-04:00,May
49fdf70d-d494-41f6-befa-b1eeeb4b25a4,2015-08-21T05:12:18.677-04:00,David
5d11031d-bd23-4ad7-8ca5-f27f56f3f337,2018-04-10T14:34:28.442-04:00,Wayne
f09229ff-e319-4f3a-944b-fa7162169dce,2018-05-04T02:28:16.608-04:00,Michelle
4f189772-b2e6-4901-8474-59b4d43a64ae,2011-01-15T15:49:00.760-03:00,Louise
feebea09-9dbd-44da-ad26-1c4c83cdbe72,2018-12-19T15:39:24.871-03:00,Anthony
bea997f1-0d7d-45d5-91cf-24deeced2673,2019-10-06T01:41:31.729-04:00,Alan
bdb3e830-bde3-486c-b9df-6d1370c0c541,2010-02-03T21:57:57.073-03:00,Faith
abd03407-f30a-4ca7-9060-b0724db8668f,2016-10-05T05:46:22.283-04:00,Ann
ce8c3777-8508-44f7-9b57-117ec0edb181,2015-05-13T10:05:38.296-04:00,Mae
b0ba5088-8369-4046-9cc0-06a90fb8da39,2012-07-21T00:16:17.842-04:00,Elizabeth
1a7aa228-bef1-4c19-9249-cc30cfc75ff0,2010-10-24T19:42:44.862-03:00,Mary
8891acac-a34e-4835-9a48-30dbdf73549c,2012-02-09T00:04:45.230-03:00,Eugene
67987dc3-1826-42f1-8eca-7f7b89a558de,2016-01-17T14:28:58.015-03:00,Irene
7a48b918-2e01-442b-8f70-7d4df382e48e,2011-12-17T11:32:29.649-03:00,Michelle
3528c18d-6c4e-415a-b2a4-169a40e4eb74,2017-10-07T13:03:43.702-04:00,Charles
8713e256-54da-499f-9cc1-86eb2259e72c,2021-03-21T20:47:36.266-04:00,Robert
8e38bbee-f80c-487f-8aa7-0985f47d7ccf,2020-12-28T06:58:31.189-04:00,Mae
00885351-2b04-48da-8a8e-11d1d4281156,2011-06-14T14:12:55.718-04:00,Jane
92dba128-0782-4d07-8e61-dcf87258c45f,2014-09-06T22:19:54.561-04:00,Edward
3f91147c-780d-4985-af25-ba4e280dd1ef,2011-03-19T12:37:13.763-04:00,Eugene
a6fcfb55-f2d0-42d7-b02e-6f5bad66d528,2011-10-01T18:04:45.383-04:00,Francis
f9223aa5-ea2c-494d-a562-f09e90464c5e,2016-06-22T11:09:05.886-04:00,Wayne
cc01b228-690a-4ff8-9265-09790e5a9324,2015-01-23T08:20:11.401-03:00,Michael
d1f01881-4b74-4733-868a-96ca85eb6e88,2013-07-27T23:05:18.536-04:00,Grace
f87e2297-585d-4e76-8808-945e391ada6b,2010-08-06T09:33:33.540-04:00,Scott
116b028e-1dd4-43db-892c-6a122681121e,2013-12-20T07:11:44.966-03:00,Richard
31965f51-d279-4379-9648-706de674a7aa,2014-10-30T19:01:05.321-03:00,Elizabeth
658f59d9-ed16-44cc-9d08-821470ad6e8f,2020-09-27T15:45:21.276-04:00,Michelle
50beac1d-7f02-4561-b8f7-d1b467efa2e7,2020-10-26T11:51:54.322-04:00,Marie
94bd3ccb-c88a-4903-9349-25d5a1a64276,2015-06-07T21:21:33.038-04:00,David
835f1273-b5d8-4f8b-a1ae-5e8e2198c7ca,2018-01-16T10:30:16.534-03:00,Louise
3ef8b8b4-4eb9-4d99-b39d-365ce3a578c1,2017-08-27T14:47:18.372-04:00,Robert
89e24029-4193-4d92-8f84-4132da8bdfcc,2021-05-19T13:49:15.025-04:00,Lee
e4c61ade-cf28-4902-878c-2a8f076e640b,2011-10-10T04:20:41.972-04:00,David
55b098eb-808a-42aa-8393-ad2c1af3ae81,2010-03-15T05:32:50.180-04:00,Anthony
5fafb0ee-4f33-4f6a-9fe6-f13081703de6,2018-04-28T04:14:28.103-04:00,Jean
870e49f4-eac5-436c-959d-f239f3691cbd,2012-10-01T17:25:12.888-04:00,Lou
2e49d4f1-7e3e-4cee-a79f-4a15d8ce68bf,2018-08-26T13:42:15.345-04:00,Joseph
4f3a5847-9a06-4968-b197-55496f7390e4,2017-03-23T09:57:19.832-04:00,Dawn
3c23fe1c-35b6-4ad2-890c-f50f9ae37759,2013-07-19T10:06:13.027-04:00,Jane
bc6784a5-9cba-4d44-b958-324f68455f08,2023-01-05T09:37:26.807-04:00,John
131a022d-14f2-4353-8f38-509561c54055,2020-03-19T12:31:07.728-04:00,Alan
cf35e0c8-cbd4-4eeb-8f24-9de442693a2c,2020-07-23T10:10:43.799-04:00,Eugene
70280f8e-3ac9-4d68-8c5d-f2bc206fead7,2016-12-28T05:34:30.505-03:00,Lee
0a0f466b-792d-450b-adfb-bc773a8c3155,2018-08-30T13:21:34.577-04:00,Jane
b8edbfc5-6d8b-42c7-8b9c-83c96a5ff278,2012-09-28T08:36:53.717-04:00,Elizabeth
6c9ec638-c716-4328-b642-667fc67187e7,2014-08-01T23:16:07.253-04:00,Wayne
d82235cd-5906-4645-8e9b-c86e3b066188,2010-04-28T03:55:22.231-04:00,Dawn
7c74a9dc-1ae9-4955-b93f-f34d32b07f28,2010-10-30T03:04:15.571-03:00,Robert
abfa5bdd-b69b-44bb-a2a0-9948b8a0384b,2014-12-28T14:43:00.502-03:00,Dawn
c25d892b-6e19-4c6e-99ac-817c13295278,2010-07-17T16:28:49.054-04:00,Renee
67be41ba-2962-47c6-adb8-5b9cdb18d368,2016-12-30T05:53:30.908-03:00,Mae
611286c7-1027-4e6b-89e0-bf95b5c72c48,2015-10-01T16:47:01.207-04:00,David
375dfca9-4477-48cd-9f78-df37af4a634c,2020-04-30T06:28:06.142-04:00,Faith
de441709-98cd-4531-bbcc-d7f62eb64929,2011-01-13T04:23:13.796-03:00,Alexander
817f6549-12d2-453c-80d8-571c65d842c9,2012-09-14T21:43:32.342-04:00,Elizabeth
0f46a9a7-5fbe-401b-8edd-d657cdd04ea1,2020-11-25T16:32:02.410-04:00,Scott
17f6e4a6-e790-45d3-b389-dac6299e839e,2011-11-26T08:58:38.585-03:00,Anne
e1deae23-fb06-4d39-8b79-65dd87b6a574,2021-08-01T02:08:33.642-04:00,Rose
734c2ac7-28e7-4f22-a2ee-0c58807a7db8,2013-01-12T12:28:59.220-03:00,Allen
0d5a86e1-8874-4fb5-b72c-c15ada7a9de6,2011-11-07T04:20:29.311-03:00,Jane
c4b06f7b-bb63-46d4-aed9-20b00f129152,2018-12-28T05:43:49.676-03:00,Ray
febdb89b-2382-476e-9a52-704898155c9e,2021-07-29T02:36:26.818-04:00,Dawn
4a65253d-6222-4401-b2db-10a520c35eab,2011-12-05T10:58:17.300-03:00,Thomas
1cf75587-d4b6-4397-9d44-324c8fed9dfa,2023-01-04T20:25:59.445-04:00,Lou
ee718943-61e5-4e83-a250-12bbe7b636bb,2014-07-14T03:14:38.308-04:00,Charles
0251f5ce-ffe8-4474-a4a1-dc504242dfb8,2019-12-21T10:46:41.254-04:00,Alan
8a6936b1-c1dd-4eee-a474-1188b3e9e342,2018-09-05T22:20:04.435-04:00,Dawn
25a8b835-74ad-41d0-8bfb-667327d642d1,2016-03-21T06:28:04.754-04:00,Thomas
9626ab8b-3263-453b-b3d1-8d2a983bc0a1,2020-03-16T12:34:44.339-04:00,Alexander
7ed34456-c1ec-4128-9468-51a085c2d282,2021-08-04T04:06:22.894-04:00,Joseph
b215e04f-b473-46e0-b3a6-835fec88e74c,2018-11-26T18:35:41.481-03:00,Louise
285618e5-b929-4901-b087-3254fcb38f2b,2022-06-20T01:22:23.281-04:00,May
258fe706-45c0-43dc-8e71-2d53a8854ec4,2017-08-19T08:59:28.147-04:00,Anne
ffd8bbc8-a766-466f-a73f-dff955c4bd1e,2014-11-01T05:22:19.975-03:00,Kay
cdf4824b-ea14-4683-8d45-a04cd05dd909,2014-06-02T14:31:02.567-04:00,Matthew
e2702e76-859f-49c2-90ce-f04a612fb1e0,2016-09-17T00:50:49.574-04:00,Ann
614a07f4-5f2b-4426-a946-90e141c92753,2022-05-25T12:56:49.348-04:00,Jean
6497cfe1-95c8-4738-9bd2-4838d2f4477d,2011-07-15T17:18:39.113-04:00,George
bbb6ec81-e65f-43d3-abeb-5ede6e307785,2010-10-16T17:42:32.840-04:00,George
603a3b44-cbc7-49d7-849d-70bf6207d39c,2016-10-17T18:58:33.622-03:00,Lynn
4b0c6f8b-e003-4817-83c9-1a3e61e3ce54,2015-02-14T10:00:27.946-03:00,James
726ce6ab-e335-45a7-8e59-55bb43bcb0ee,2013-10-29T07:27:42.075-03:00,Dawn
c6cddbac-a536-4c26-a5e6-7a6c48bf0218,2017-07-09T18:42:35.138-04:00,Renee
c3ae974f-6732-4a87-ada8-310a760c4e2b,2010-10-06T05:30:28.793-04:00,Rose
c53bb945-9b15-42e8-854f-97f81bd8c6b7,2022-03-24T13:20:35.293-04:00,Francis
46ae6586-33a3-4da3-9290-ec04b96cb1fb,2011-10-09T05:12:32.990-04:00,Henry
2134d793-60fb-418e-b042-d34747d30b42,2015-06-25T08:24:13.025-04:00,Marie
92ab49a3-eef5-447e-9cae-11286c117d7b,2010-01-22T22:08:25.768-03:00,Thomas
5646225b-fed4-4ad8-9f92-db7c1dce9659,2015-08-31T20:52:47.961-04:00,John
b19bc9cd-5586-46e8-8fd5-c22f4259afde,2020-09-09T00:05:23.007-04:00,Wayne
dd6bcc6d-6a96-4af5-afd2-3c559aaa3bf3,2018-01-20T20:13:06.983-03:00,Louise
0ed10fa6-3ad8-4f29-9435-4f70c1753b49,2010-06-11T19:43:42.030-04:00,Irene
1bdbff7f-774f-4de7-bfd5-6a60a8b8cd75,2018-01-23T08:02:59.856-03:00,Ray
fef8bbc6-e121-4275-9a97-fc5e647bd3a2,2019-05-29T14:06:46.417-04:00,Alan
a0750f04-e796-4a51-822d-25488ef2cb5a,2012-06-24T10:26:01.251-04:00,Dawn
9ed6da61-0aec-4aa4-9aff-2b79d287f447,2022-01-21T10:48:42.750-04:00,Mary
e120b4c4-e5c1-4e9c-bcc1-9ed3d32ccc97,2019-07-03T06:22:00.534-04:00,Lee
cd974b7f-5ef7-454e-939b-dd5a408900e9,2018-03-29T22:32:37.649-04:00,Jane
2933f947-708a-4808-8e61-72905186200d,2011-08-11T14:06:33.066-04:00,Louise
4dde5692-811c-4155-a247-ffb5c4fd9a32,2018-11-29T21:27:16.253-03:00,Lynn
18e60ae5-10d3-458b-a749-a91c88986ccc,2018-01-06T04:35:30.287-03:00,Eugene
764892cd-b58f-48f9-8f00-7572d5959bc4,2021-04-03T23:57:01.207-04:00,Renee
3752963a-52fa-4757-b825-b2a3e6747d6e,2012-02-06T12:19:59.183-03:00,Rose
3b2ca4cd-075d-486b-870f-2e95f747e63c,2013-06-20T04:15:15.289-04:00,Nicole
3afbdef3-3fd0-4c2a-ab2a-77d3b3cdb916,2010-11-29T09:42:41.542-03:00,John
82021e63-9b9c-4344-936c-d346602238e3,2018-07-18T11:52:58.988-04:00,Wayne
a6329ea9-35aa-43d0-8565-7024c8f7b935,2013-08-01T22:34:09.456-04:00,Mae
05372196-605d-41d8-bda6-49f539bb48a3,2011-01-17T22:04:06.063-03:00,Rose
8a91505a-5e56-4f6b-bb55-a86f5143a340,2012-10-09T02:29:35.491-04:00,Robert
44ac08ed-6852-45ba-9d8d-b3b6cad54a47,2020-11-17T16:36:13.105-04:00,Louise
41f7e632-6691-4f78-b472-62471e0c66d5,2021-11-20T23:44:54.549-04:00,Matthew
97dcefdf-4f45-418d-8e73-a5f97c6e2f1f,2022-06-25T19:26:19.379-04:00,Andrew
5f06c6d5-5f37-435a-b458-ab2c34e2499b,2017-01-12T06:13:20.217-03:00,James
286a75a3-6c08-434d-b9bc-63b4aa64d230,2012-05-03T07:06:30.448-04:00,May
90a2b3d4-5095-45fa-a842-4deba55b833a,2015-01-20T05:31:25.852-03:00,Alan
22c46db2-b0f4-4b42-8dda-b28ffe1a33bd,2015-01-11T17:53:32.189-03:00,Matthew
ae3a1b70-5d90-4152-9fbd-1b79576f8215,2020-08-08T16:39:11.608-04:00,Rose
d56a039b-ebb7-4552-b18f-828fbcdc5935,2023-04-14T04:20:17.896-04:00,William
bec6cf26-526a-43b0-814b-86968ed6d8b5,2017-06-01T01:52:54.436-04:00,Alan
ec8398db-7af4-4b59-bf3b-2dfc4c838f6e,2020-12-27T05:16:34.912-04:00,May
bcb392e6-eeb6-41b2-8cc0-063d55f3f048,2010-03-14T07:59:41.328-04:00,William
338d9b88-566c-4230-a627-aa1296a76637,2022-10-01T10:52:05.589-04:00,Ray
8dbc1a2a-0571-4886-a55c-a904bc856549,2017-09-08T09:49:07.872-04:00,Louise
237c2f89-13c7-4bb9-a0b1-c715661f2aee,2022-12-04T07:04:44.934-04:00,Lee
62954e46-a96a-46c6-bf2e-71d3c36d983f,2022-10-14T03:57:01.656-04:00,May
4c3c948d-7a6f-4ac7-a7fb-ec9dadf6406d,2010-01-08T22:06:53.607-03:00,Michelle
21388daa-2a0d-40e8-b2a6-dc20058d31ec,2018-11-30T07:29:07.585-03:00,Dawn
8f9b190e-56c9-46fd-b78f-f156ac328f3a,2016-07-05T13:26:38.137-04:00,William
6b5413f6-159e-4ba2-9483-71718719ff80,2019-09-30T15:36:39.660-04:00,Renee
46c13a81-a3fe-410d-b02c-d1353fdc532e,2019-11-07T23:05:14.374-04:00,Wayne
8b452f46-62fe-424e-a5be-e6e027ba99f2,2013-11-11T14:06:45.254-03:00,Eugene
2fa08ef3-e7dd-4fab-b3e1-ef52eb12d989,2013-02-14T06:52:37.288-03:00,Ann
aad0f87e-b4eb-4db1-9613-a73d3e7112e1,2010-12-05T17:27:55.990-03:00,Renee
23937931-b76a-40dd-97fb-0775ae3e4b21,2021-05-16T20:42:11.430-04:00,Joseph
bf58b789-6a4d-491d-a955-1f65ecb5fc69,2017-07-30T16:45:27.399-04:00,George
9d52ea31-b3e4-460b-a938-9af42eb9233d,2013-04-28T23:05:22.181-04:00,Dawn
7d750a45-301f-47b2-b9b3-c49759eff05c,2012-06-15T03:47:36.403-04:00,Michael
017033f8-7a77-4d9e-a18f-b2ce6252afa8,2021-08-25T18:12:06.059-04:00,Lynn
c4fd673f-e8e2-4114-ba7f-47cd1885df85,2010-05-11T16:41:13.521-04:00,Elizabeth
e13557b7-5f82-453b-ad57-9b95caf617bb,2010-12-03T19:52:01.165-03:00,May
2ba08a70-d5cc-494c-8dbb-6ac0af475a3d,2014-03-06T14:51:10.217-04:00,Dawn
fc35a3dd-84b2-40d5-be16-3e6fc39eb84e,2013-07-07T00:38:32.664-04:00,Alan
c35d091a-7e0e-445f-a0d2-d580a3b41809,2013-07-12T14:47:02.112-04:00,Robert
008003c9-496d-47af-a928-c7be7f82f2aa,2021-04-26T15:29:14.528-04:00,May
771d2209-9407-4dd4-8ad4-bd7e4b0b0ce5,2010-01-12T19:20:26.196-03:00,Renee
6a6119a7-f51d-4d66-8319-49eb773c32bf,2022-04-05T00:14:35.122-04:00,Joseph
d5fcb93a-f24e-494a-b017-3e99804a12a6,2014-09-02T21:21:11.489-04:00,Sue
51464e72-32e4-4b56-85e8-0ae3934e8da2,2010-09-26T15:49:36.579-04:00,Ruth
d4986fad-f1bd-4508-8540-d6c7fcf7b662,2017-11-13T05:13:19.432-03:00,Louise
536d1f34-07f0-44ef-85bb-869010062f6b,2011-09-12T12:05:27.528-04:00,May
7a8f1f72-0118-4ec3-a057-2b19943f4920,2015-02-22T15:33:37.272-04:00,Francis
60602c26-8cbc-43e7-ba35-23205120d977,2010-05-11T05:45:11.632-04:00,Mae
32a5ae14-cc72-48b7-a14b-240527879469,2018-11-29T01:19:50.544-03:00,Mary
bb821a9f-22fc-47b1-91b4-d72e62c0d4da,2013-07-19T23:58:44.735-04:00,George
f1f925d6-8d07-4c7e-82c4-8c363a05d3dd,2018-04-11T20:29:41.644-04:00,Joseph
528fdfc8-7d44-4179-b72d-10d15a68640b,2016-04-20T12:52:29.559-04:00,Andrew
d8f1c2d3-202c-44d5-a020-a8389ab26577,2021-11-03T02:21:07.192-04:00,David
b9f56e17-d307-4ea0-9732-0eb36618874f,2021-09-09T07:55:56.140-04:00,Michael
1d4be78d-ed6d-4506-8c04-b855757041e6,2017-02-21T21:29:06.691-04:00,Kay
ec36c2b9-3ad4-4c22-b8ab-2d4d16672fb9,2017-11-26T23:09:48.687-03:00,Thomas
aa7d7e64-ca55-469a-bed2-0f7121dd9018,2019-04-24T03:35:11.728-04:00,Elizabeth
e71c63fe-a69c-4aca-b330-b2a56868d167,2015-09-08T19:14:37.341-04:00,Joseph
a7994113-6955-4a8b-a709-ce6ea1fb03dc,2011-07-27T10:53:58.039-04:00,Scott
644857c0-1a0d-4878-88b7-bf26ca83a256,2014-07-18T16:36:06.151-04:00,Michael
5cdc82ac-7fe6-4dc4-9601-7625d1408b97,2018-03-27T13:10:42.234-04:00,Grace
f54159dc-4685-40be-a51a-7495fe64829c,2014-10-02T02:36:21.247-04:00,Edward
5acf310f-5763-4a20-9f51-de38dce978cf,2014-07-21T13:31:48.531-04:00,Ruth
9e1f2659-277e-4f73-a082-e6a9fec86d41,2021-02-11T19:54:47.826-04:00,Michael
6552c6ea-64c0-4609-85b2-c519638671e5,2018-06-02T03:24:17.331-04:00,Marie
3948c9dc-8345-40d9-91bb-5cc732e9b81a,2011-01-11T21:31:13.813-03:00,Matthew
bb6632eb-ae20-482f-93ee-c4078c70cc08,2016-07-29T05:57:08.428-04:00,Allen
a0a0263c-30ec-4d18-b5c9-3fb24e32c76e,2011-01-17T10:47:51.316-03:00,Marie
d108f344-e410-490e-a273-7c74ae077098,2022-01-11T16:18:02.796-04:00,Mae
7cca220f-7814-48d7-96fb-f9aa9628fe00,2012-12-04T13:13:27.941-03:00,Michael
24105c4e-3cbd-45fe-8b54-a219ee12ced7,2012-06-07T14:18:03.986-04:00,Jane
c799e44c-f3d2-4122-9656-824cfbfec2eb,2017-07-18T21:28:06.554-04:00,Lou
93b952ab-b49a-42cb-8194-d8482f47ae12,2012-06-22T04:44:27.527-04:00,Lee
e513ae88-56b5-42e7-be81-a7f2630450df,2016-07-09T18:16:05.956-04:00,May
6ba389f8-585b-49c2-96c9-e98f0e9d0e40,2018-10-20T22:29:55.847-04:00,Matthew
926d6cf3-22a7-499d-98d2-6023b428cb2b,2020-08-28T19:49:36.320-04:00,May
c91b3757-ffe1-48bd-b0e7-5785b2bc24b5,2014-11-03T01:32:56.109-03:00,Louise
83129c9f-ad28-449b-ba36-36af97114a6c,2013-08-27T19:56:46.578-04:00,Renee
c83a9b0e-ff3c-4ceb-b4e2-a4f3b401f289,2015-08-08T14:52:30.980-04:00,Rose
415454b6-f459-4bac-86e6-ad207a539bbb,2021-06-18T01:50:03.787-04:00,Irene
ae3ced57-669e-488b-a754-56ab3ec58b13,2019-09-07T03:08:20.548-04:00,Ruth
df341eb1-dc87-4982-96a2-89d958b2977b,2018-07-02T23:05:52.746-04:00,Louise
725abf44-4338-47ba-a3d3-f18f56dc1806,2021-02-14T21:29:26.645-04:00,Grace
8c64b2a4-3918-4182-a286-327073209a49,2018-12-31T22:32:46.531-03:00,Kay
9dad6eba-f5b8-41ba-b93f-8d660dad2252,2020-09-13T08:02:35.407-04:00,Michelle
bc0ca520-449a-4ad1-b43f-90c77a14ebc2,2016-08-05T04:53:31.406-04:00,Louise
493db448-3b08-4039-8e13-32641fb1e49c,2017-02-11T12:36:33.082-03:00,Robert
96800f69-2b20-428f-be4a-472c062ede65,2013-08-24T18:49:17.316-04:00,Sue
1d7077e3-7132-479d-a208-a9f910b0bb74,2016-12-12T07:13:39.163-03:00,Mary
4a3b56cf-d0e6-4853-b34d-8ba9fa2e88c5,2010-12-23T11:13:53.449-03:00,David
64e9162c-ecca-4c14-af8b-7aa862ecedbb,2012-01-27T21:58:48.862-03:00,William
0de3f845-2d52-458c-a94e-e279e103c318,2012-06-15T03:10:26.071-04:00,Kay
d63af09d-1df4-49ca-8ba8-6abdc34cf3f8,2018-04-19T08:03:17.055-04:00,Alexander
df9eb27c-7d55-4069-b94a-4f69f8f120b7,2018-11-29T09:19:29.827-03:00,Michael
f5ac389a-15e8-49a4-8172-fccc05ee1508,2013-05-24T17:23:08.424-04:00,Jane
514ab84d-1e9d-4f50-a928-d26398755581,2022-06-26T04:30:43.204-04:00,Mae
8afc9274-11ec-46ae-83cd-ecfdadb658e3,2014-08-11T18:45:32.321-04:00,Lee
d7b58725-ac09-4ccd-961c-3795f6da3da6,2016-04-16T09:24:01.923-04:00,Ruth
01e18c16-47a9-43df-904e-ea61e0b1ec04,2019-07-29T16:36:31.102-04:00,Grace
e4f2c370-a89f-45d1-88f7-5538c770ef08,2017-09-04T07:10:42.040-04:00,Edward
97054e32-5544-4368-8778-6aa6fb6bb863,2020-05-13T14:08:21.703-04:00,Michael
e49bdcec-c283-42b1-8b12-4ec8fd2b8508,2019-11-19T04:58:15.170-04:00,Anthony
784f3bb5-9869-407a-8713-e4ae5c10a1ac,2013-03-07T09:18:52.755-04:00,Mae
3ac6fbf9-a1dc-4b32-991a-201a315d9f6d,2020-08-08T02:41:39.520-04:00,Ruth
6c0ae2c3-001f-42d2-bf31-650343d61099,2012-05-17T19:27:25.768-04:00,William
e986197a-63b0-40ca-8404-721551f85805,2020-08-31T22:20:06.649-04:00,Dawn
db06f9e4-ba3d-4439-b7f7-d38603778390,2013-01-12T14:15:15.678-03:00,John
f4180086-09c3-4523-a952-97af05c5da0d,2013-12-09T06:36:24.482-03:00,Anne
764faa7d-7d4b-4e08-9b94-a214789a2361,2018-12-22T07:55:00.031-03:00,Renee
12271b2e-78fa-4334-8f33-d0264317ada8,2011-01-07T21:24:33.737-03:00,Irene
630772c6-6d50-4571-85e9-9cf8224fd010,2021-10-09T02:37:04.800-04:00,Allen
d22043e4-8483-4bde-8871-98b6a1f50f51,2017-01-29T11:01:40.206-03:00,Michelle
763ff424-1e9b-45e2-8a63-69a7ae487b71,2016-11-21T05:46:59.232-03:00,Margaret
99835aac-060e-4f91-9d74-9c95c628d0ce,2018-05-17T23:42:17.377-04:00,George
7449f798-4d6f-4024-bc62-04fe24c710ce,2019-01-12T08:22:46.225-03:00,George
eb985c5c-187d-46b4-8466-4cf2a673de3b,2019-05-05T12:22:08.321-04:00,Renee
12481cf0-21be-491b-922f-d0c8ac438651,2018-10-31T15:00:19.146-04:00,Robert
2a544a81-b89a-4648-abd3-d4084ccf8878,2018-08-01T10:05:06.434-04:00,Lynn
690acf03-7b2e-4f40-ae72-a78ef739a933,2017-08-23T06:43:44.526-04:00,Eugene
7a88acdb-cd19-4355-842b-5fcbb8f84bbb,2014-05-13T11:07:47.981-04:00,Mae
241d97ff-6c08-4682-80a0-eb1fe8561eff,2014-12-15T11:55:39.082-03:00,Eugene
9d385e60-883f-4477-8594-67eaa2cd23a6,2011-12-24T00:24:37.216-03:00,Robert
a0681abe-26a4-453e-b548-4e88f271ea61,2010-11-03T12:10:29.353-03:00,Mary
68758dfc-919b-4388-843f-a44ea362f193,2013-03-04T14:36:59.439-04:00,Andrew
c896f05a-d6dc-45d4-ae41-7155f78e8509,2019-07-21T04:52:03.090-04:00,Anthony
c21152aa-cadf-469f-9c0b-71d4ffbd5f7c,2012-09-02T17:55:15.705-04:00,Alan
5fc35b2c-779b-49df-a43a-646d0e00f162,2018-10-03T16:30:07.788-04:00,Jane
b3704c9e-0091-46ef-a19f-9e17a096f8d5,2020-09-01T14:26:35.248-04:00,May
46b5607b-4069-4cc7-b96f-63146daa2a9e,2011-03-18T10:45:22.263-04:00,Ann
27e5e432-7b15-4b61-bf9d-ad5d99d80b99,2014-04-01T06:27:02.013-04:00,Lee
9d0094f5-154d-4b09-a58c-56ba3caea8cd,2011-09-17T04:50:34.595-04:00,Francis
2185d12a-3aa0-4eab-9a75-18cd861df91e,2013-06-30T19:07:54.574-04:00,Ruth
d2444a8a-749b-449b-8a03-59a948cbf0aa,2022-06-06T19:58:42.575-04:00,George
f54d87fb-9ed6-45a2-8f4d-ae443f1b4acd,2022-12-07T12:52:10.521-04:00,Matthew
1579c7df-6aa4-40d3-a3e0-116da1300c53,2019-12-11T08:15:16.627-04:00,Wayne
8dd6a27f-920b-41b8-ad46-65e9f66cff4e,2018-11-25T21:35:27.705-03:00,George
31645c00-1b17-4249-b694-96c6af036e36,2014-05-12T23:44:39.720-04:00,David
9ac69943-5e16-4305-b442-7235f400caa0,2018-09-26T07:35:39.765-04:00,Ruth
29fcf9c8-7ee8-4335-abfa-318995c2fb4b,2011-11-22T12:49:32.492-03:00,Lou
50c43f85-303d-491e-aa46-96046f5f4ce7,2018-02-28T00:40:54.591-04:00,Lee
3e0195be-9af7-4bb5-a18c-265387903dce,2021-08-30T04:42:46.080-04:00,Ruth
3a3c0068-94b0-4079-a656-7a1a92e04048,2015-04-11T01:35:28.207-04:00,Lynn
69afbf89-040b-4adf-9b8b-c725be6ebea1,2015-12-01T04:24:34.039-03:00,George
7d7144c8-18ba-4cc6-b767-cb4258375f22,2015-01-05T18:01:00.870-03:00,Henry
8d5b311d-8ace-46b8-8000-6488c32bd170,2017-10-31T00:32:57.618-03:00,John
10d90863-530d-492e-9489-f01b3ac2e856,2017-09-28T05:00:52.982-04:00,Ray
d2cca331-27ec-4693-aebe-19aa9f783dfb,2013-01-24T09:08:25.304-03:00,Edward
c43ba0c4-f009-45f0-bbe3-e10005a4fc92,2020-08-18T02:56:06.727-04:00,George
f428efb1-d0d7-468f-9848-90d35991e836,2012-10-12T00:59:59.721-04:00,Alexander
0b2035a3-049c-483f-a014-b687ac2b5b0c,2015-11-15T05:24:41.144-03:00,Andrew
7a274cdf-177f-4725-b849-1a1407cdebaa,2010-12-22T21:25:59.296-03:00,Allen
f77d9af3-f994-4a65-a114-ec9184f6aabb,2013-08-14T15:51:41.950-04:00,Anne
f0b4f893-453b-4636-ba99-68f1685cf8a9,2015-12-02T05:53:48.353-03:00,Robert
8a2c51f3-83c3-44ff-a71c-adc4a8c9e8ff,2021-08-09T21:00:58.324-04:00,Francis
bd2c10e8-4224-489c-b1e1-e3358541c9bc,2011-09-06T11:43:19.217-04:00,Marie
9502bb66-cdf8-4989-bc9a-138893842cb5,2014-01-20T14:50:53.500-03:00,Thomas
285300ff-1d37-4614-b99b-cfeb5e8cd220,2021-12-23T08:11:30.912-04:00,Jean
c86cf0fe-7be8-412b-a922-5ae76a8316d1,2018-12-26T21:15:27.180-03:00,Andrew
afd75a20-3d40-4fe4-b712-7e03ffdde734,2020-04-28T23:19:14.538-04:00,Matthew
4d22522d-4294-48fa-8faf-9a6f52205fbf,2012-09-23T19:05:07.985-04:00,Edward
b0213696-2065-4683-a7ba-b7d3d629d372,2019-06-30T19:35:47.989-04:00,Matthew
48c1078b-0f62-438d-b3b5-937a04693b32,2017-12-18T01:09:48.017-03:00,Nicole
2e92338e-f0bd-4997-a1de-aa5c79237d07,2016-08-17T13:40:14.630-04:00,William
60ae5bec-dbca-4dc2-89f0-c8bcca4b743d,2012-06-11T03:09:32.722-04:00,Thomas
27be1ca0-f1a1-45a7-884c-fbb7a2dda44f,2012-06-18T00:31:15.982-04:00,David
5a02050a-ad38-4ea4-8312-ff369f8f40e4,2022-05-01T09:13:30.635-04:00,Nicole
b74defb3-81c1-46bf-8666-a1852a0dc4a9,2011-01-17T04:02:26.955-03:00,Charles
165bd76c-d33e-4add-b8af-88439450d255,2021-10-07T06:59:57.478-04:00,Marie
030bcbbe-ae68-4514-b4a6-fd286713699e,2017-02-05T20:30:33.906-03:00,Jane
0479575f-cd27-44cf-b554-5101d1c2e3a8,2020-11-01T04:22:41.327-04:00,Edward
74b2a4e8-06db-4a47-8444-8348b5f16f2b,2022-06-21T11:27:00.249-04:00,William
5192cf91-ce09-4f74-924e-429f16f8b556,2014-02-15T04:36:20.713-03:00,Nicole
85be5e85-89c0-4703-a741-e1fb5aecfd03,2019-06-26T14:09:14.894-04:00,Lynn
514c0ca1-0c93-410a-9f76-5090751970eb,2013-05-25T22:25:41.555-04:00,Anthony
5151c366-347e-46aa-9f3b-403888c48aa9,2016-03-05T13:16:50.927-04:00,Matthew
6e8790d5-179a-4f3f-94e0-89392a79769b,2017-01-25T23:08:22.006-03:00,Edward
9f66d4b9-cc68-4569-b299-30a62d8e8e25,2013-08-31T17:22:41.146-04:00,Ruth
e0dd6bb5-a415-4d6a-9774-8db2f23f7889,2021-11-14T12:53:48.471-04:00,Eugene
050450ca-cdeb-4ad1-8348-ceba6c05f314,2015-10-06T18:19:05.564-04:00,Joseph
c4239866-48b0-4304-b9ad-32de9822f9c5,2017-07-04T09:17:27.084-04:00,James
6d077147-7335-4981-b534-8347e13f7d11,2013-04-09T21:46:36.148-04:00,William
c5588f62-ce4c-429c-a84d-0cef10bbb00a,2013-12-09T02:58:09.475-03:00,Lou
2ccdd81d-c622-43e3-8cd5-e2bf9387210d,2011-05-10T22:23:14.665-04:00,Rose
7c34388d-8e76-4dd4-abc2-f996c16bba84,2022-11-23T20:57:32.172-04:00,Jane
8156ac9f-291c-4a0f-b90c-396e0f598425,2018-02-21T18:01:33.550-04:00,Rose
5e0756a7-d3ff-4f56-b32c-bf7cbc421979,2018-05-29T21:18:28.812-04:00,William
eb7e3e44-5e4e-464d-81f8-3935c6fd5a3e,2015-03-27T19:15:59.641-04:00,Anthony
80b58b57-938a-4b5e-aa1e-447b3f708286,2012-03-30T04:09:30.677-04:00,Renee
49c37c03-75a3-4f4b-aa51-4195aa936a20,2016-11-09T09:25:26.480-03:00,Lou
fc71c7bc-b54a-4ed8-832d-7467a38402d4,2015-08-19T21:52:27.417-04:00,Rose
458d2f5c-2550-4472-8524-1e100139b22b,2022-06-09T06:07:14.322-04:00,May
446cc976-891c-481f-90c0-47b9ca0638f9,2020-04-22T17:36:15.947-04:00,Elizabeth
0067de20-d8a8-43bf-b747-888dcd149a3f,2011-04-08T14:39:21.968-04:00,Mae
bd03ef97-7b44-4895-98cc-362d72f3acaf,2011-11-22T18:40:49.667-03:00,Sue
e19a96db-2739-4caa-ab56-b7d367b28904,2019-07-27T19:13:40.859-04:00,Ray
f394d3d2-b1e0-44ed-93f5-b4502aeeb5b3,2021-12-27T15:22:14.804-04:00,William
8f391c66-a802-45d0-a000-87a320c61cc0,2016-07-30T14:59:55.349-04:00,George
a1beee26-22bd-472b-ab66-a859ccc39b58,2012-12-29T09:15:13.821-03:00,Thomas
788e1e05-4b42-411e-b19f-a5f6088cace6,2016-02-19T21:19:00.061-03:00,Michael
7bb8b87d-6948-4fca-ada8-b680e4cd1513,2015-01-28T19:11:43.369-03:00,Grace
8b789a95-8ef2-4a83-96d1-f26ffc741b52,2019-07-27T18:21:18.222-04:00,Andrew
9420021b-d093-427d-a258-e0b9f327dd61,2013-03-27T04:31:41.543-04:00,Joseph
bd7c6421-ed48-4000-b33c-28df2a1ad270,2015-07-16T06:32:36.552-04:00,George
d849060c-24da-4627-b460-423413e4fc6a,2018-12-07T17:55:04.960-03:00,John
6abe640e-3771-4863-a7e3-f9f3b65cbb89,2013-11-10T10:54:39.445-03:00,Michelle
2648d946-4337-4902-a612-41f52f62dc01,2018-06-21T17:32:06.279-04:00,William
cf7f8812-f5cf-48cc-be2c-8bfec4ad9eaf,2022-04-11T13:16:59.785-04:00,Jean
ea9b108a-88f3-4cc4-8dc9-bc9c8356b373,2012-01-03T14:33:38.712-03:00,Faith
2eb47603-87e8-4c80-9c45-005470512174,2019-08-10T18:51:21.183-04:00,Charles
09dca36b-0fd9-475a-b267-08995d693c30,2010-03-25T00:06:53.521-04:00,Richard
13061087-1fc8-4b00-b6c7-f1d0d2abe17a,2021-05-20T20:20:26.440-04:00,George
d8162fb6-e92a-474a-a710-cfbc8e85f792,2020-03-01T12:10:59.146-04:00,Allen
91a91597-24d7-4029-9c84-466032c5687d,2011-05-18T10:22:02.123-04:00,Alexander
725510cf-4fa7-4cf3-a6a4-47dc6dc6bcc7,2015-03-27T08:06:55.019-04:00,George
eed44252-f2f0-4ed1-a3f4-8adb8019c95f,2012-03-25T03:27:02.512-04:00,Alan
8c63bdeb-dd3f-4aa2-9183-79b701288e65,2016-02-09T14:29:02.057-03:00,Charles
b5635334-5790-48de-b0ed-c6eac129f0f2,2019-11-05T20:45:27.584-04:00,Nicole
9ef38aa2-22bd-41c9-99a1-267fe45c574f,2018-08-24T01:55:39.762-04:00,Michelle
7c9554b0-075c-4342-a031-e9a744d87e9c,2013-12-14T21:40:00.830-03:00,Marie
0e77a5f6-bfb2-4e50-aadd-c26c2157f917,2010-03-12T20:39:24.817-04:00,Thomas
f2413464-2b37-4fe5-ba64-c20ca0475e43,2019-03-21T13:38:49.577-04:00,James
6ede275b-3d79-44fc-a179-7d5854527372,2015-11-03T19:15:23.180-03:00,Dawn
e50d686a-1855-4889-bbb9-7bb8febb1b13,2011-08-24T17:52:10.566-04:00,Alexander
9b50748e-5d27-4583-a042-11080bcf6358,2020-08-29T19:24:09.796-04:00,Ray
63f2cb1c-92e3-4673-9f39-2a1f30aee4ed,2021-11-19T17:41:11.381-04:00,Mae
63a43635-4e0b-422e-b767-5037daf199c1,2021-02-18T17:18:12.581-04:00,Charles
ef689699-3da9-4e0a-8b76-61bb9613ff0a,2022-11-22T18:59:02.972-04:00,Alan
46e2dd9d-2730-45cb-9b7b-2dfddf047e92,2014-07-31T18:51:19.015-04:00,James
88538f2f-7923-4215-b32a-7a68a9626439,2020-12-07T16:44:47.260-04:00,Wayne
7c47386f-fde8-4712-b755-071b3284b272,2015-01-29T20:04:42.171-03:00,Marie
2bdd2ea4-6a98-40b0-adaa-b048c75e7df1,2018-07-16T21:46:43.469-04:00,May
72c51acd-56ef-4da8-b5a5-c6020b3145d1,2018-02-13T06:03:54.845-03:00,Lee
06bc28ab-ffe8-413e-95d7-3037e5074591,2016-06-16T17:11:30.332-04:00,Scott
b8736157-b631-43d3-b007-a53251ef4baf,2013-04-04T06:12:37.431-04:00,Renee
bf92a966-3b00-4202-8f6d-e61d2221fcfc,2021-05-06T09:50:32.081-04:00,May
107f2406-171e-474d-a4c9-7f606684a511,2022-10-24T04:21:37.784-04:00,Ruth
8fe544f7-d614-4954-bb6b-3dd2899ed8f6,2020-09-06T03:40:14.201-04:00,Henry
ab0dafc8-7692-499f-a69c-e262c254c5f5,2015-06-08T20:57:43.866-04:00,Charles
851658f0-b055-4dff-84ca-bbe0ef18e442,2013-06-04T06:37:28.854-04:00,Ray
bf58c16f-0522-40da-99c9-0ffe5bdacd78,2013-07-22T16:52:38.675-04:00,Irene
724b7d92-a483-48e7-82d3-2360fdfc7d0d,2019-07-04T23:52:36.817-04:00,Joseph
aaa083c4-0636-4771-a6dc-5c6f27e2ffd5,2012-02-28T16:00:07.915-04:00,Joseph
d8898719-fd50-4476-bce4-dd2e88e3db65,2022-05-30T06:43:48.070-04:00,William
43b820b4-e738-4a37-8677-a0326bf27235,2019-03-30T23:32:50.138-04:00,Andrew
abce6ec2-4fd6-4f26-b84d-4c1c5a2ee3da,2020-08-13T12:57:34.668-04:00,Anthony
bcdfd7b1-dfc8-4824-a5f3-427d19dde9b2,2020-05-18T23:18:22.768-04:00,Anthony
a49d9d4e-6e65-41c8-b98c-be9258355a11,2013-08-30T22:27:08.740-04:00,Sue
ee9ebfbd-f7b4-40ce-8cc6-53c675075924,2010-05-27T23:49:49.698-04:00,Joseph
a9ffa581-8274-4a9d-9a48-da55f099708d,2017-04-05T02:04:33.887-04:00,Renee
f4402b35-43f4-48db-8855-90312a275fa6,2018-12-30T02:31:15.594-03:00,Grace
635e393a-bf20-4f70-b260-8eb2cc88445c,2016-08-12T11:55:17.334-04:00,Mae
e46d3875-d718-40e0-be75-e8b6d4cae537,2013-12-10T00:23:04.993-03:00,Francis
1ab80193-5127-46e7-afde-ba6675f27738,2021-09-06T05:24:11.460-04:00,Joseph
76f1c336-5fa3-42fa-a8b3-6c9dec4bf84f,2021-07-29T05:07:37.398-04:00,David
755fd762-d4c9-4a6c-b4b9-c756cf770af7,2022-09-06T02:31:15.483-04:00,Francis
16cc572b-6b70-4465-911f-e5dbc2f992c6,2018-08-23T01:08:06.258-04:00,Lou
54a1c854-7777-444b-bc85-9c7d36cc572e,2020-08-16T03:43:06.230-04:00,John
cc124c8b-f17e-4229-82a6-2cc14071df61,2021-12-28T14:19:40.438-04:00,Wayne
63ccb833-952f-4fec-aead-1ffefc352c1f,2010-04-13T08:52:50.011-04:00,Mae
1ab8ce2f-be5b-468d-9e03-c0c2289203c4,2021-09-16T12:20:13.204-04:00,Lou
43b3126a-2164-4a9e-9c5e-17b090c9e0c3,2014-09-09T15:03:52.958-04:00,Joseph
10ce38b0-7a09-49e6-b6bb-16ff287759a7,2012-07-07T08:50:08.009-04:00,Anne
acdc20a6-ba0f-45f6-9be1-c2f0dfb65d5d,2011-11-01T19:33:58.493-03:00,Faith
4baee80a-7ffc-4579-b9e4-8e5f2b20e441,2014-01-06T16:54:05.150-03:00,Lou
b97944e6-8b40-4993-9929-0d9d8806c53f,2021-08-27T21:38:45.447-04:00,Marie
7b9e569a-eec8-40c4-a3ad-2caaf4b8335e,2018-01-07T23:31:13.243-03:00,Anthony
46c41468-3319-4ea8-a771-07428ea1385a,2015-07-21T10:42:08.130-04:00,Edward
d3f4e943-d07b-4354-97eb-eb5868e21b76,2011-08-29T01:14:51.147-04:00,Mary
74e03a88-0a0b-4a95-b1da-ac014ea492ff,2014-10-07T01:35:40.763-04:00,John
a1c879b8-977a-4021-b883-ca6a29a215b3,2016-11-12T11:08:54.221-03:00,Lee
94170118-e03c-47ee-b1fa-a0a5a45117ac,2012-01-12T12:48:41.628-03:00,Elizabeth
63460a87-a776-4f7c-9b2c-41e87e043c0e,2017-09-12T09:36:58.748-04:00,Wayne
a63609c7-cf48-484b-9071-5f8e1dbde4d0,2016-04-21T07:07:32.934-04:00,Ann
abd2367c-318c-47aa-9c40-2f4cf8d0f9db,2014-12-09T18:43:40.631-03:00,Jane
1afc34ae-265c-4558-b41c-881b3ea97ef8,2022-05-04T18:54:01.152-04:00,Faith
91a6217a-6785-4eeb-b833-c570f7b92b6f,2012-10-23T13:44:52.370-03:00,Michael
4dcb8a4d-65f7-4ad4-8ff4-0305772cc96f,2018-12-11T03:55:51.650-03:00,Alexander
5ed066a5-ab40-4af7-b70f-e3c99f33e575,2010-02-04T19:55:35.491-03:00,Renee
22f3dc25-aec8-42ab-9618-9c4fd935ac15,2022-08-18T12:18:20.059-04:00,George
519806e4-3fb2-449a-8710-83314f67382b,2020-06-17T11:55:37.563-04:00,Michelle
59791ee6-2304-444a-ae37-2242262ba435,2022-08-12T03:37:58.968-04:00,Anne
97a031d9-7472-4e58-872b-0a6b2fae39c2,2010-03-23T12:02:04.897-04:00,Anthony
ee04bfac-1f81-4a77-8c3c-67e5dd8d5599,2020-05-15T19:29:22.241-04:00,Wayne
419623c4-9fbe-4085-bdc1-0014c63f9917,2020-05-18T02:07:24.440-04:00,Marie
8ebe2281-11ff-4a7f-a3a6-78d40659afd5,2019-11-19T10:37:31.612-04:00,Jean
2c7fe5ba-335b-4eda-b490-6b08df647c3f,2016-03-09T08:44:05.426-04:00,Lou
4ff72437-88e8-45a3-a028-9c4e0bf75557,2021-09-04T18:23:27.751-04:00,Renee
c78fe62d-1eea-4311-8c66-89b236025366,2021-05-21T20:03:05.467-04:00,Thomas
62c3c37c-618d-4b0a-8378-3d117ff7a47d,2018-01-29T23:25:55.932-03:00,Eugene
e08bfcd7-68dd-404d-b106-e76086ae06d6,2019-02-14T17:04:20.782-03:00,Joseph
f3722c04-42f2-4593-88dc-69ed1e353cd9,2022-03-09T20:43:23.508-04:00,May
2c85f240-9fee-4a4d-9854-12d81cf5db1e,2019-02-04T14:12:10.544-03:00,Charles
49f87916-e7df-468d-8c05-cc83665a422e,2012-01-12T22:49:57.760-03:00,Lee
fead4842-d6c0-4100-b83b-4f46b0c381ed,2010-07-18T18:34:12.691-04:00,Michael
68670553-3fa5-4e08-b964-f64522b601e7,2012-01-10T06:09:28.746-03:00,Sue
7167ba58-8a8a-4421-ae48-06522ec960ff,2019-08-02T10:22:10.669-04:00,Andrew
f5296f23-ce33-4331-b766-772463393aef,2019-08-27T09:11:02.625-04:00,Edward
dd5e338d-e4a5-4e95-8f41-30bfaaf74ea2,2021-06-20T22:32:20.121-04:00,Lee
73b47ebf-6a42-4ca8-aed9-90c685eb0f31,2012-06-28T14:04:37.430-04:00,Jean
1293db00-b365-46c7-8f06-b64d62e3207f,2016-06-06T09:15:05.856-04:00,Francis
f13a3230-9777-413a-8ffc-0b8b4d7dbdfa,2012-09-03T03:25:33.565-04:00,Lee
de99d31c-4fa4-4f75-bf31-932ad42d6f1b,2013-01-31T01:53:38.579-03:00,Anthony
f21c429c-269c-4a16-8d02-3b6da26d040d,2019-08-14T11:15:20.101-04:00,Sue
d4705dc3-67a6-4a5b-8f41-53222dcd5c15,2017-07-08T23:15:39.464-04:00,James
c4deb4a4-0a54-46b6-ace7-b591167c8aef,2011-04-18T10:25:44.121-04:00,Renee
a1475402-b36f-4e6a-99a1-10502e1f3a87,2019-05-03T09:59:06.159-04:00,Joseph
963dae38-89c1-44c9-9691-02e95b50235c,2016-01-02T01:12:14.313-03:00,Matthew
7986a8a3-ec4d-4b51-9750-cf5f8a2a72c6,2022-11-18T20:25:56.334-04:00,Scott
d7f2d401-1933-44cb-9ea0-5dcd0dfccd5d,2016-12-23T23:01:26.510-03:00,Sue
e735a529-e05a-491e-bd9b-aeaf53795b8b,2016-12-20T00:21:39.243-03:00,Kay
cee1f5a6-0d33-462c-ae42-20dd0e1084ef,2012-05-20T10:45:35.925-04:00,Wayne
f1147c6d-6cc7-4107-a692-cb27f67c4a73,2018-05-15T04:44:35.775-04:00,David
390cdc86-5a35-4062-9814-c7c6000f2a32,2011-09-29T02:02:57.244-04:00,David
074de630-7fe2-41fe-b9e8-e0b4286f1379,2022-10-23T07:05:50.126-04:00,Louise
fa80d914-b072-4a5a-960e-0a9794569830,2021-03-19T22:19:41.497-04:00,Anthony
ad76cbd0-cf98-463d-84a6-ef4afd79b458,2019-01-13T13:01:48.973-03:00,Anne
c1c5385f-8a59-438a-bc35-c8aaadbeaec0,2016-02-27T13:16:49.533-04:00,Wayne
dead0c5e-6895-4222-88b9-0b4fe318d8b8,2014-01-07T18:51:26.747-03:00,Renee
51f9f254-b968-41ff-8b3c-c3e2920c8f3c,2013-02-21T07:20:02.033-04:00,Matthew
0585b72c-03f4-4526-ae02-68b611c364d2,2017-12-12T15:48:55.348-03:00,Grace
f7118e9a-5d0b-411b-8c76-15c7f5875a32,2013-11-11T03:11:45.794-03:00,Michelle
e70038bf-6e04-4deb-8966-274923676578,2021-01-16T03:12:12.467-04:00,Elizabeth
8b4cb1da-086c-4151-bc92-08a51dac3264,2022-10-11T05:49:23.227-04:00,William
8de79270-6e69-4427-8ef1-f8224cca4f32,2014-08-20T07:05:09.871-04:00,Elizabeth
ad595be6-de01-437c-b0a0-e659ea436c13,2022-10-10T23:33:22.636-04:00,David
ad0a6583-0821-44e9-a3d1-46e13cb36347,2011-03-30T16:07:20.722-04:00,Lou
b05fa66a-f8df-47ae-a974-29b7e207c115,2018-10-15T19:16:23.119-04:00,Robert
221e0beb-7a19-493d-b2f7-207e8d7eaed9,2011-10-30T23:56:41.701-03:00,Ann
04e7092e-e4f7-436f-bfe6-0b509c0e7b16,2018-09-04T16:41:37.744-04:00,George
0b45ee45-9848-4f54-bba6-17e22f5a9c5d,2016-05-16T10:05:13.543-04:00,Renee
6461b856-0128-4624-bbbb-55c00fa58c1a,2020-06-16T01:05:57.739-04:00,Andrew
8608b29f-5688-43c0-bedb-d8754c1c18f7,2012-09-02T02:24:41.432-04:00,Richard
b40a5fbc-6980-4e85-9e86-fb1b46a87a44,2021-01-07T08:21:11.731-04:00,Lee
e22aefbc-378f-45f2-b483-05a83bba2112,2020-07-23T05:30:10.631-04:00,Renee
0d6ec52d-25d6-47b2-b2a8-be5ec47d26ce,2020-06-11T00:01:37.501-04:00,Grace
e0b4de24-0690-4ee6-afc5-3896ddae8122,2011-01-11T03:56:22.388-03:00,James
79ff597b-c2f3-4e93-be1d-cc13020a47cf,2017-03-08T10:01:31.845-04:00,Francis
9e413e42-8155-488f-80ed-1fe09c2c01ad,2011-07-05T04:02:52.583-04:00,Louise
5df560d2-a985-4c22-aa78-76645261aed1,2016-07-22T12:27:26.835-04:00,Richard
e65f6c17-0070-4950-8dc6-af2a99dbcb7b,2020-07-16T17:43:34.797-04:00,Alan
2bd7bbbc-73fa-422b-894e-bc767e65a29f,2022-08-06T19:53:12.588-04:00,William
fa069749-13bd-49fe-9322-495a8a2a314f,2011-01-05T11:50:50.105-03:00,John
a8772fac-ded7-485e-8a15-a16d5bdf7ccc,2010-09-11T20:14:42.866-04:00,Mary
49d90731-b27e-4f6f-b8f6-7c489ceb3020,2021-05-18T03:10:03.301-04:00,Joseph
d94a5aca-25d2-4816-9625-a4bedb590bf8,2014-08-04T17:33:32.412-04:00,James
4c2aa921-8953-4908-87db-830de9cc35e8,2010-04-04T02:59:49.343-04:00,Joseph
8d80cc90-2f4d-4907-839c-5f345621dff6,2021-06-29T21:26:46.641-04:00,Jean
ba31897d-9a0e-4c06-9a25-767d86f8db10,2014-09-30T19:39:00.236-04:00,Robert
7021917b-524f-4ae4-9b40-75f1aeedef84,2020-10-26T13:13:37.200-04:00,Lee
b7bcd043-7d10-46bf-8cbc-8c7b4bbda885,2010-06-11T19:38:01.300-04:00,Ray
19ea40e6-d9a2-49e2-971f-5683c3e06fbe,2010-05-22T20:11:59.990-04:00,Ruth
6678f005-ad1a-4dba-b4e1-21891209b114,2021-02-05T00:50:13.300-04:00,George
b6d87f16-1edc-45e4-a9e6-6dfad837f991,2021-06-22T14:23:58.609-04:00,Edward
5ba2df0f-b5c7-46a9-9342-6d7a96da5010,2010-09-01T02:46:30.088-04:00,David
956ece88-2e48-4cc9-9db3-7444c1598f42,2022-02-15T10:33:05.516-04:00,Marie
34edbecc-104a-46d4-9e2a-7b0c842bb2bb,2011-06-15T12:27:55.213-04:00,Ray
e29867e9-b5f4-4c55-9d0c-0d3f063ba4a3,2013-08-08T18:09:37.393-04:00,Rose
22a35537-2824-4f0b-8ed0-eeea5b3c1ba8,2016-05-27T23:58:16.844-04:00,Wayne
9fc54b18-d24b-43ae-b8a9-cf957088d8e4,2015-09-25T21:18:13.980-04:00,Andrew
9c157282-f4b9-4a29-824f-40d9b6895994,2015-04-14T06:11:38.339-04:00,Marie
9183898f-1cdc-42bd-a196-e2c9c35b36d8,2021-05-19T15:38:18.880-04:00,Ann
5e57d18e-cff4-490d-b14f-e9382796e0c3,2020-03-05T09:24:30.154-04:00,Irene
f6a83e26-5122-4ea5-b866-0557341e7586,2020-12-25T00:56:45.270-04:00,Richard
c039a9f1-2945-4e8c-a6e6-3ed37c9f0d5f,2011-06-03T16:11:40.875-04:00,Margaret
b88e1d69-3465-4963-ba24-c83b0db6d0da,2016-06-13T02:23:09.147-04:00,Michael
f834c72e-47a2-48ec-8716-3b7a89a6225d,2015-10-13T15:18:13.755-04:00,Dawn
c58b3e8b-3d29-47b3-b871-92ca78af4979,2017-09-20T13:34:27.307-04:00,Jane
6578316e-4761-47ef-ad41-bdf783985943,2010-07-12T22:37:26.955-04:00,Rose
869bd6d5-17e0-4d6b-ba65-fbdde11f4a68,2010-09-10T05:44:16.167-04:00,Michael
861197dd-8663-4cdb-b5de-e4461c37eb9e,2010-12-26T17:50:26.871-03:00,Thomas
f3e792e5-5541-42e9-9afa-fbb6eb7c37a8,2020-11-25T17:05:15.286-04:00,May
8cf4bc68-c86a-41b3-9b08-2d9fa654ae25,2021-01-13T17:30:10.393-04:00,Lee
039055af-172e-4724-8d5f-5559515ef7f2,2017-02-23T23:28:43.594-04:00,Renee
146d82f2-c34c-4406-8130-eb2318b3315f,2015-11-27T20:57:14.130-03:00,Renee
14d6494d-c036-472c-8da0-66bbb5271030,2020-03-31T22:53:40.122-04:00,Wayne
4b712f58-c4d5-4089-856e-ee351320090b,2017-11-12T05:47:07.931-03:00,Wayne
b8c76f25-4b23-46e5-820e-32d833cf9bd3,2011-05-05T02:25:46.898-04:00,Alan
fb55d4d3-538d-4f05-ae92-7d5bb9fc2d7c,2011-04-08T14:56:15.781-04:00,David
7baa5d63-f442-4202-89fc-683dfab4d5f8,2018-03-21T11:23:28.776-04:00,Renee
664b5214-1c79-4c92-a7ed-ef8940b113c2,2011-06-10T10:46:44.273-04:00,Kay
0ba90fb4-1583-4d00-896a-c387e5784e6f,2014-04-04T10:59:22.388-04:00,Lee
09ecbe34-fc3a-41fa-b039-30b66e9ce555,2011-09-16T11:27:48.723-04:00,Lynn
6e2a680c-21ff-43bf-8ab4-b847d54c9d9a,2022-11-01T21:33:10.557-04:00,Elizabeth
145363de-baba-458f-bc50-0ebf8fda447f,2011-07-28T02:12:28.401-04:00,Lou
ca284a40-bb09-4538-8542-0fd3e8736b68,2011-08-31T17:46:41.781-04:00,Lou
5d8dab0d-fb49-4e76-95a1-d889a5ed1e51,2021-02-10T13:18:44.314-04:00,Richard
ce34c84b-2bc9-4128-bff3-899ed48334c9,2018-05-30T13:39:44.357-04:00,Ray
6da7abce-463f-46ff-aab5-e2b14d79ac9e,2016-06-12T15:30:55.350-04:00,Alan
ee865511-6ec3-49b9-b4aa-82dd5c8aa174,2013-09-25T20:31:06.731-04:00,George
9723ebc3-e4ef-4be1-83c2-8c4dbff980ea,2010-12-20T02:30:57.407-03:00,David
5654e268-b943-4446-acd7-b973e16b1c39,2020-08-29T03:17:18.178-04:00,Eugene
3752cf0b-c445-4898-8442-358ac14f5afc,2016-05-07T17:01:39.820-04:00,Rose
802bb3c5-a2a5-43bb-94fb-3880728a62eb,2014-08-07T04:36:01.993-04:00,Anthony
d392223d-5bd8-4456-b1e0-04fb5b4d23e8,2010-11-16T14:48:01.890-03:00,Jean
f9087cd1-f989-4dc6-af6b-ceb098bc2598,2016-07-10T16:57:28.908-04:00,Eugene
b6f2e637-5f75-4c9d-bcbd-691d0c01169c,2012-10-21T12:51:05.298-03:00,Robert
3f46b02c-7aad-4456-b2dd-a35009100ba1,2014-04-07T00:49:10.184-04:00,Lee
b5002abd-4756-4669-b4fc-fe84327f2c74,2010-04-19T09:45:43.891-04:00,Wayne
e16f82cf-346b-4f64-8ed4-4ef0d40d4d26,2017-03-05T15:29:41.915-04:00,Marie
ef62fab4-49e2-4dac-9eef-168ecaf09726,2015-09-23T02:14:12.804-04:00,Mae
d4e268e8-c184-4027-9bcf-38772ef07e20,2019-06-25T02:51:20.051-04:00,Wayne
d8d2c10b-118e-4d25-8705-a26e6ee89631,2019-04-02T14:39:39.616-04:00,Faith
8456ecfb-2fa5-439c-940c-c6c6fbcde9e9,2021-05-18T13:57:12.427-04:00,Irene
b5953028-b107-45bf-940f-12c80dd39c1f,2017-12-19T15:19:32.278-03:00,Robert
078053c1-867c-4e4c-ab7d-4e90992a8dad,2015-11-10T10:40:58.251-03:00,Ruth
