id,created_at,name,price
cbd1696a-a7aa-4164-8f27-baf71ba17be2,2022-08-02T08:35:23.200-04:00,Mens Contraption,12.95
df93ef5c-6cf0-47bd-b384-01cc8ef28468,2012-12-01T18:41:17.866-03:00,Toy Instrument,165
598d2c52-95a6-4702-a6a0-21d03a61bcfb,2012-06-04T05:22:13.660-04:00,Computer Paraphernalia,83.95
c3b193f8-2866-4b0d-8d40-60afdb0cc89d,2016-09-29T21:08:42.100-04:00,Gardening Implement,176
74cf103b-2c69-43a6-85f2-b5ef0221a884,2010-09-20T03:37:08.143-04:00,Medicine Implement,36.99
dead5705-2538-44fa-b92e-715fcc4bcc98,2020-09-26T12:54:43.273-04:00,Biking Tool,77.95
82b874e1-251f-4d2a-9133-29898ab87a2d,2010-07-02T20:18:11.565-04:00,Bedding Supplies,163.95
57c701ab-5ca1-408a-b14d-00e7d4be0d1b,2011-09-25T20:17:36.055-04:00,Truck Mechanism,114.95
adc7e1bb-61f3-41d6-9820-438bad88c91f,2021-01-09T22:13:06.189-04:00,Cleaning Contraption,166
54576dfa-91d6-4501-8cc8-e89c4927ce2c,2013-05-09T04:45:15.765-04:00,Mens Accessory,111.95
15a1752c-d5db-42a1-9706-8db83ef4cc5f,2021-10-18T12:35:24.264-04:00,Book Apparatus,127.99
16822154-9bd0-4320-870b-a106ad48a76f,2018-08-15T10:55:40.827-04:00,Storage Tool,19
dcc86b3c-0915-4b83-bdc0-311380fd03c8,2016-03-28T00:01:29.022-04:00,Cat Accessory,199.95
c18f4289-1103-4f5c-8915-9a5490fbb6ce,2014-01-28T09:47:40.708-03:00,Book Gear,160.99
3a0c024e-3779-4fdb-ae15-69ccb4b1ab25,2017-07-06T15:49:13.090-04:00,Baby Thingamajig,184.95
89863008-3b99-442d-91a4-03f990cfee96,2016-02-20T00:12:27.908-03:00,Cleaning Whatchamacallit,98.95
f15e65df-65a3-4937-a60e-0ae6470bc685,2010-10-30T23:42:27.499-03:00,Nutrition Device,118.99
05916000-0833-4662-8bff-fb8742ae0f6e,2019-03-15T11:26:25.721-04:00,Dog Implement,84.95
c24648ee-5f8b-4536-b949-03b7f4127914,2011-05-12T03:54:42.685-04:00,Mens Thingamajig,35.95
20100f95-a4c5-49ba-a9ee-9421a5b7a253,2015-06-05T13:26:56.496-04:00,Beach Paraphernalia,45
cb430023-a611-4f8f-b5a9-f7ab5bfbb4ad,2010-07-04T18:05:36.239-04:00,Book Item,84
cb50b37f-9350-4ef2-8086-ea472e2597f3,2011-11-06T22:48:37.992-03:00,Engine Gizmo,32
3fdd8a5a-29a4-41ae-8a75-212aab0adaa7,2023-03-30T23:35:33.309-04:00,Kitchen Mechanism,152.99
13eed69d-f5f1-47ea-9173-b4f8fbd7e657,2016-10-08T04:51:45.046-04:00,Game Accessory,168.95
56119c74-f42f-4e8a-8f74-dcfba97aae4f,2022-05-26T06:22:02.520-04:00,Vitamin Component,122
067c8591-8ac3-4bf7-8751-8105570adb75,2010-07-15T04:28:21.739-04:00,Nutrition Thingamajig,97.95
1858009f-d449-466f-8602-ba0c6ef22edf,2015-10-02T07:38:28.840-04:00,Womens Rig,120
89de1356-bcb6-46b3-af7b-14a9d8593f8f,2017-03-04T16:51:34.669-04:00,Makeup Tool,156.99
30012bee-984c-42fd-888e-2c557332b797,2014-11-24T02:14:06.877-03:00,Truck Attachment,80.99
2c8753d8-7027-402f-bfa5-c5669570cfd7,2011-09-21T08:35:52.356-04:00,Music Paraphernalia,44
25c2b2c6-1736-4b18-b7b5-d685a9348305,2015-09-02T05:43:28.093-04:00,Storage Instrument,129
73e98500-4598-4dd9-a15c-49ba9a17cdb3,2012-03-06T12:03:43.497-04:00,Dining Equipment,167
cf288648-55fa-44db-a316-c54887fecbfd,2018-09-20T01:46:47.650-04:00,Computer Attachment,114.99
37b99b63-0447-4371-a6b9-bd5360559064,2023-02-16T17:49:31.908-04:00,Outdoors Whatchamacallit,173.95
3c6cf5bb-125d-4a38-b568-18dd4d40b3ce,2023-01-03T00:41:13.902-04:00,Outdoors Apparatus,66.99
45ae4038-8949-4f82-8220-7a285c7e5303,2016-11-25T16:46:08.889-03:00,First Aid Paraphernalia,122.95
2a62aee0-72da-423a-815f-d3b6b59fd2a4,2010-04-25T22:50:00.934-04:00,Sports Gear,167.95
584c443b-3458-4648-b7ca-45243b275950,2011-07-03T18:11:43.266-04:00,Movie Apparatus,53
991059ad-369a-4bda-b2dd-4b05ad1fa767,2019-11-03T07:04:52.608-04:00,Baby Machine,49.99
a6e393d1-f175-410b-b9af-77e9c22d59fc,2016-09-16T19:32:00.604-04:00,Toy Paraphernalia,159.95
ed94d91e-f296-4de3-b6aa-566d19059ae8,2023-03-17T22:52:40.849-04:00,Womens Gizmo,21.99
b83534b1-a131-4427-a437-22ee595a8faf,2020-06-10T01:14:25.522-04:00,Kids Device,10
2c26b7a0-2321-4b02-baf3-848ced609820,2011-08-25T18:06:33.272-04:00,Aquarium Device,117
b410d175-8a1a-49fc-b72c-86bcf64353e4,2010-08-07T13:28:54.275-04:00,Movie Rig,121
6c2614ce-eaa3-445e-9984-78f12b83298d,2013-01-27T07:27:15.484-03:00,Movie Mechanism,141
766d9b7d-2f76-43cf-8028-37bd5498d14a,2017-11-10T00:59:22.187-03:00,Phone Thingamajig,126.95
192838b2-5184-4f6a-b260-997780e9f8d8,2014-11-21T15:02:44.623-03:00,Camera Widget,51.95
e9d100c1-fa84-4bf1-ba98-38af941c1a1e,2019-10-15T07:35:52.585-04:00,Bedding Instrument,98.99
65d7d8d0-fea6-4004-a96e-ec06d3ef58ed,2015-09-12T08:28:01.644-04:00,Camera Attachment,136.95
cd7b3c01-0d3b-443f-8700-1aaa3225fbc6,2010-07-30T01:55:27.950-04:00,Cooking Device,10.99
1070886e-ff11-4891-861d-cccc06c9a091,2017-11-04T07:49:56.380-03:00,Game Attachment,70
07cad1a7-6952-489d-ad6c-b7b6aa71acaa,2020-01-26T08:31:10.680-04:00,Gardening Gear,93
f35371ae-ba8f-4279-bee5-807f18461c6e,2021-01-11T19:48:47.665-04:00,Movie Mechanism,32.99
dee93d09-dbf0-429e-8848-ecdd8ef86dc7,2020-07-26T05:29:42.837-04:00,Technology Whatchamacallit,21.99
2e687a24-1512-499b-8992-a09d04007ba4,2022-12-24T06:46:11.677-04:00,Outdoors Item,118.99
65b094a2-a472-4fc1-9214-3f1773f07b3f,2013-08-18T15:28:36.872-04:00,Phone Tool,113
8506722c-888c-4000-b518-de6cbb12f371,2018-12-17T17:03:42.682-03:00,Computer Thingamajig,168.95
51485219-cc20-42d4-8d3e-4f72ab41c05e,2010-01-24T10:41:21.053-03:00,Furniture Apparatus,149
e3f62487-8c4d-4589-8339-114a5e3a3865,2022-11-29T12:51:20.833-04:00,Engine Doodad,93
4f7cf77c-709e-4b84-ab17-ab0aaf6d69e3,2022-09-21T20:27:58.938-04:00,Swimming Implement,42.95
b3681ebc-c001-4656-8b73-8721112005d1,2022-04-26T11:59:37.334-04:00,Swimming Apparatus,94.95
9d168366-c558-49d2-ba7a-45fd58eee643,2012-06-16T10:33:22.126-04:00,Engine Implement,194.95
3afc2367-b1fa-4e1d-9d7d-3556f56bb380,2019-05-23T23:44:31.755-04:00,Hair Care Mechanism,24.99
7e237066-2230-495c-9cf6-71615059d1a5,2020-01-20T11:37:08.897-04:00,Swimming Widget,140
2bbc768a-342a-4979-b211-2b1f3bf47fbc,2019-09-29T14:03:51.568-04:00,Music Equipment,66.95
1c642e2e-abd0-4cf4-8848-b3c99452ff3a,2022-12-08T23:07:59.022-04:00,Swimming Paraphernalia,87.99
9deed6e5-05b5-43c5-9fa4-1ff4176efbce,2022-12-15T05:01:29.285-04:00,Tire Supplies,179.99
d33152cf-6ec1-44e6-87d5-92ab88359359,2014-06-25T23:10:13.591-04:00,Computer Mechanism,59
78a595eb-d0a4-4c97-b09e-85d36ca03c09,2018-09-03T11:23:57.253-04:00,Movie Apparatus,17
2554046c-5918-4d3b-ac9b-793a8d42c53f,2022-08-08T12:43:31.489-04:00,Movie Gear,163.99
37f18df3-3bb8-435c-a3ae-9f20be77186f,2019-05-25T08:35:34.410-04:00,Personal Tool,93
f6028269-ab57-4656-a3a2-081021477100,2012-03-25T09:03:41.939-04:00,Bath Equipment,46
8e8e4315-7144-41fe-8bfa-34cc050722ef,2022-08-05T06:02:01.407-04:00,Camping Mechanism,163
e9d6301e-9ebc-447d-8c57-47cd409962ee,2016-12-25T05:55:59.928-03:00,Dog Machine,29
bcbec6e7-91ca-4d5d-bfde-f4c2f70267ce,2014-05-01T00:55:03.582-04:00,First Aid Tool,153.95
04db9929-1697-425c-9fa0-05a69241744e,2017-03-27T08:10:24.230-04:00,Baby Whatchamacallit,78.99
762406ac-0b69-4337-9c42-a28699e1c208,2015-06-26T23:28:22.716-04:00,Phone Mechanism,187
3b609101-910a-496f-9e3f-1482abd6f937,2020-06-27T14:55:21.524-04:00,Party Equipment,31.95
53bbf2d6-1703-469d-8909-04478bb34c15,2016-05-14T22:01:59.170-04:00,Book Gear,74
42bfb9bb-13da-43d7-a500-a3149e066414,2018-06-07T11:43:07.754-04:00,Fitness Whatchamacallit,32.95
694d003f-ab61-477e-ba5c-b219a531be29,2021-03-22T06:26:38.303-04:00,Makeup Device,198.95
8665c83d-2506-4068-a718-8c7fbf6c20f8,2014-09-06T05:04:05.743-04:00,Tire Item,175.95
10925084-113f-4875-a8d3-0f836c11340e,2020-06-26T07:10:05.003-04:00,Party Implement,26.99
8437ce31-612a-4af4-a864-7d10dd856903,2014-10-31T16:21:19.205-03:00,Camera Tool,24.95
36b52b29-fc18-421d-9829-8c774dd5fdb6,2018-02-19T02:24:22.083-04:00,Engine Instrument,191.99
3e8ef838-b715-4ec8-8586-6dd7dc17d3d1,2015-01-19T14:58:38.500-03:00,Bath Equipment,43.99
0dbb8356-25b4-43f8-95bd-f041a653cfc2,2022-12-20T00:37:58.112-04:00,First Aid Equipment,196.99
c72bb904-90eb-49ca-bc93-8cad6525d655,2013-01-15T15:41:03.101-03:00,Medicine Mechanism,103.99
ecf15e54-a804-491b-80c0-7d3984a9b304,2010-07-17T20:23:34.766-04:00,Tire Device,171.95
db75df49-bed2-4c5d-96a0-fa9f39376990,2023-02-28T23:36:35.770-04:00,Engine Whatchamacallit,101.95
514454d5-9c50-4e9a-b234-ef0fc5b0db75,2010-05-19T23:11:04.012-04:00,Kids Machine,114.95
25d3a093-8572-4737-b25a-85dff3bd86c9,2019-02-11T22:24:12.673-03:00,Outdoors Kit,166.99
e0aa6b52-a47a-4bcc-b193-5ba0cce3cfbe,2013-01-26T01:29:34.416-03:00,Toy Tool,94.99
35038964-00f2-4d6a-8471-ef367afe9aa2,2021-06-04T02:37:29.153-04:00,Fitness Gear,94.99
930101c6-ef8c-44f8-9908-e323de77e41d,2020-08-14T10:03:01.187-04:00,Beach Component,197.99
f9874e35-2ae4-4201-a7c2-09c7004042bb,2017-02-24T02:30:33.147-04:00,Hair Care Doodad,130
b2ffb030-47a1-4562-b325-3da381780c64,2020-08-06T06:46:09.295-04:00,Music Supplies,192.99
dd14d0ae-af48-433c-866b-393a1f08276b,2017-12-11T14:15:17.352-03:00,Bedding Paraphernalia,113.99
94a126bf-a21b-4925-9623-de3497d07b84,2010-01-23T21:43:42.456-03:00,Kitchen Tool,158
21aa0fbf-0a7a-4da0-b3c9-101a1903857d,2017-11-28T04:18:54.907-03:00,Bath Device,172
1973b037-7ed2-44a7-8818-c121dd9b631e,2021-07-28T12:53:13.166-04:00,Baby Thingamajig,159.95
7004d5ec-9e08-4cf1-8424-c275b396d2dd,2010-10-23T10:13:47.524-03:00,Hair Care Rig,83
d8b38ece-1149-462a-8680-17493a74e7f8,2011-12-31T08:33:57.923-03:00,Book Contraption,123
2f94f669-752a-41f8-a20e-a55fe4166d8a,2018-08-31T19:40:29.789-04:00,Skin Care Rig,131.95
83120ca5-ca28-4b42-81d2-e1492552d0ce,2022-12-12T02:30:04.105-04:00,First Aid Rig,102
b05965d6-67b8-49e7-be7c-cb11b0054991,2019-07-14T09:52:20.487-04:00,Dining Rig,57
58555685-5078-4c6b-97bc-cccfeac3fbda,2017-06-11T07:32:41.480-04:00,Movie Implement,179.99
3fea691b-2f45-4b28-a7c2-c341744c1e97,2021-03-25T15:50:49.847-04:00,Game Instrument,195.99
62193ec9-afa9-43ac-8016-ad8dccfd4d42,2017-01-26T16:03:19.056-03:00,Medicine Rig,175.95
08216e8b-ab3a-4e5d-aded-404845f52ecb,2013-04-21T18:02:44.976-04:00,Baby Paraphernalia,170.95
8b48ec25-3236-4b87-8f8b-404142cb1f03,2016-04-24T20:20:38.130-04:00,Car Kit,106
4b2b4ef8-5b66-43c7-a555-546dac490b77,2014-09-06T15:14:25.423-04:00,Toy Paraphernalia,26.99
6fc3c948-88ca-4eb5-9d07-15bb46a9961b,2021-12-10T04:01:04.316-04:00,Technology Accessory,28.95
b79bb367-350f-41f7-8d08-fbd7edc0b11c,2015-02-10T13:23:48.612-03:00,Phone Gizmo,23.95
bfdc8925-1392-47ba-af50-a80b76fa4cf8,2016-12-16T08:50:05.108-03:00,Baby Gizmo,75
e82bc00a-9c61-44f9-9fcd-11dec678cb27,2014-01-25T07:57:18.696-03:00,Technology Machine,52.99
913b6ab9-50bb-4c10-a85f-366cd3b5d55d,2019-11-03T10:26:57.914-04:00,Phone Equipment,145
926e7e98-a513-4958-a3e6-863e72ae7fa2,2015-05-24T11:55:18.069-04:00,Aquarium Supplies,15
e5a466e7-e876-4a4e-b8de-780513fd9879,2023-03-04T00:12:32.713-04:00,Party Whatchamacallit,73.95
136dea6a-71f4-4d37-8797-4e275c073d1b,2015-08-07T21:50:37.891-04:00,Dog Whatchamacallit,147.99
c0285ca8-52a7-4b53-ba30-ca46944697e5,2020-03-30T16:48:12.628-04:00,Beach Kit,130.99
88812a41-e129-44d1-93ad-b0a7c79fb155,2016-01-04T03:34:08.225-03:00,Engine Contraption,151
dac09233-75e0-447f-8400-aa61215c5b06,2014-08-23T05:06:45.459-04:00,Fitness Item,20.95
dec72f42-46fe-4a45-95aa-8d669d06471f,2015-06-23T12:16:22.442-04:00,Personal Apparatus,31
cd457a00-905e-4bc3-bcb3-e34a8ac9df56,2011-02-21T17:39:16.229-04:00,First Aid Mechanism,93.95
4e13e76e-621c-45a1-8da8-1a30e38a71e2,2015-03-08T22:19:57.199-04:00,Skin Care Machine,28.99
2985b183-22be-4790-82ba-530381ac07ad,2017-02-11T17:35:17.358-03:00,Outdoors Apparatus,146
416bd264-3edb-4570-b638-64da266ca2f1,2019-01-07T03:48:55.140-03:00,Dog Thingamajig,57.99
52b1f56f-414f-4c80-867d-2dfbeaa9cd33,2021-12-26T20:49:09.665-04:00,Bath Accessory,128
6af87fa9-4969-4cf5-8d85-d098355af641,2018-08-08T08:21:29.308-04:00,Fitness Thingamajig,135.95
6e5510e7-77fe-4940-8f13-acf9ce329f74,2011-04-14T04:36:20.210-04:00,Cat Kit,96
6182da7a-2f20-4a11-86f8-4a8f05c3061a,2016-12-30T23:47:19.298-03:00,Cleaning Kit,105.95
044c0608-af8f-4c8e-98a6-c90ea1ee823e,2022-10-21T07:57:38.565-04:00,Cleaning Implement,190.95
7f74f013-d7a7-47ca-b604-1e095acec5eb,2010-06-08T17:02:49.252-04:00,Party Attachment,165.99
b429695d-3834-476e-a65c-d7b185414229,2016-03-22T18:21:14.679-04:00,First Aid Implement,180.99
8e41b9ff-da5d-4d51-b148-a9f41502a027,2022-05-21T13:43:39.716-04:00,Womens Implement,13
0b32351a-efd1-45bc-96ef-61ba5f92798a,2015-02-11T06:13:44.744-03:00,Jewelry Widget,177
36f8cd57-4a5b-478b-aad9-d232c2a0710e,2019-10-23T03:34:09.711-04:00,Medicine Widget,128.99
7729f968-0ad1-4ef3-b044-09830e142c9d,2010-07-29T20:21:56.714-04:00,Aquarium Accessory,197.95
b96070d4-e6fc-4df7-ac68-126904314c2d,2017-12-01T19:36:11.552-03:00,Fitness Implement,39.99
5458df84-3d7b-4007-af4d-624dfee33eea,2016-06-11T19:39:18.139-04:00,Phone Supplies,33
b087df07-9784-4f90-b740-331e769dac2b,2016-09-15T17:14:16.702-04:00,Swimming Equipment,149.99
7c61b55d-43ea-4e9b-87a1-f7607de103e3,2012-11-15T17:10:50.681-03:00,Cleaning Doodad,122.99
870ba826-17ed-4af9-a288-7cf06dedf08b,2011-03-07T00:10:29.504-04:00,Music Thingamajig,31.99
a666cbfe-12f8-44e6-8971-82817c997a8f,2021-03-08T01:13:34.628-04:00,Computer Tool,150.99
daeb4de5-b08b-489d-9ab4-078428c14434,2019-12-27T22:10:34.261-04:00,Biking Component,36.95
b8e0b426-b8a2-445f-81f5-c08d568b43d6,2011-12-02T16:01:25.951-03:00,Cat Accessory,103.95
04c5d93a-c897-4575-8f05-1cf23d7af362,2013-05-22T10:39:55.749-04:00,Storage Whatchamacallit,72
5b75bcf8-0d23-4c37-b052-a5d577441f47,2018-11-13T09:14:00.127-03:00,Music Kit,161
636c41bd-8bfb-4254-8ecc-a7c1afeabc68,2020-09-27T06:22:28.695-04:00,Womens Contraption,91.95
cb90deee-9d31-48a3-9087-f51a6ac31ace,2012-06-13T22:22:39.949-04:00,Bath Instrument,72.95
69869af2-0062-4eda-a29d-bbb6b956b8e2,2017-03-22T09:26:59.390-04:00,Baby Mechanism,159
ae65571a-3d73-4146-bf53-542cb9509940,2013-01-29T02:18:02.905-03:00,Technology Tool,118.95
b814fca4-57b2-4757-b957-fa0d5efca972,2013-06-21T10:40:47.025-04:00,Bath Gadget,53.99
66b0dfa0-e2f7-4caa-8d69-86fad3f9f77a,2021-07-02T16:51:33.700-04:00,Home Improvement Widget,66.99
213c9b5f-a95e-4e59-8d38-40040a71fa08,2022-03-14T12:12:05.851-04:00,Medicine Doodad,109.95
9f06503a-6bbe-477a-8bb5-e4a66fcd46f6,2012-06-26T21:32:06.694-04:00,Skin Care Paraphernalia,42.99
522f0af2-5948-46a4-9d81-d9c50cce077e,2014-01-06T05:32:21.367-03:00,Car Doodad,114
b81dff2f-891a-48aa-9f51-5a8e13a68a33,2015-05-29T03:12:17.554-04:00,Kids Instrument,90.95
f57b1e32-051b-4e07-85d6-4c7988325d43,2014-05-15T23:58:22.557-04:00,Biking Device,88.99
2617dbfa-307d-40e1-bca1-9175b2d8f9d2,2014-01-06T14:43:02.163-03:00,Engine Accessory,22.99
15a4c81b-7c48-4568-a1c3-1bbef3ec9e4d,2016-05-14T18:17:06.257-04:00,Fitness Rig,38
bb986a57-dfaa-40bf-a99c-48df9db04b81,2020-05-22T10:56:48.581-04:00,Music Contraption,54.99
ed4ae212-cf41-48ad-b2ee-cfa2f9dfddcf,2017-03-07T12:30:07.042-04:00,Sports Whatchamacallit,183.99
61b9d101-ddc8-4433-ae3a-935f9fa4a45a,2013-06-20T17:39:05.721-04:00,Car Whatchamacallit,138
bd2e79e6-5ebb-42a8-9bc6-b8e70acd9e67,2019-01-09T14:37:54.747-03:00,Cat Accessory,43.95
681cdd1f-c888-4a59-ab41-d942f4722b1f,2010-02-15T04:34:33.902-03:00,Movie Gadget,22
7aa40aca-b2a4-4f58-adb3-1be91c444326,2015-10-16T14:24:45.859-04:00,Medicine Kit,171.95
d6739754-7ee6-4d83-ad0b-bb1b3b78d521,2011-05-22T10:33:11.100-04:00,Bedding Apparatus,44.95
81c340b6-a51a-472e-b435-2fd4686c0122,2021-03-12T21:40:35.662-04:00,Hair Care Apparatus,165.99
36915ddf-093e-4452-8ef1-5fcb9dc92055,2020-06-01T10:50:12.708-04:00,Camping Supplies,187.99
cee8e9b3-4a5c-48aa-996f-5f25c048e472,2022-01-07T08:11:45.526-04:00,Truck Rig,191
7433e7e6-f86d-426b-ad49-bf3aa8193fa0,2019-03-27T11:55:12.166-04:00,Camping Implement,16.99
058f96d5-3f4d-433b-914e-94fff945fd52,2022-12-14T11:09:17.677-04:00,Car Gear,76.99
f17105a3-50d9-41e4-b25f-1df15703e2a1,2010-04-05T04:35:48.231-04:00,Dog Instrument,110.95
e5d253c7-5f45-4f05-b26b-a37538cba806,2011-07-10T16:47:20.091-04:00,Furniture Attachment,165.95
c203c264-eeff-4231-8263-1bb3cfe663bf,2011-05-04T19:55:44.608-04:00,Sports Thingamajig,160
c2ac9d76-1590-47c2-a22b-2de5f3ee5195,2013-02-03T04:55:09.945-03:00,Storage Device,72.95
0d9c20b6-fe67-45d2-9ffb-c581b8a49a24,2013-02-17T18:35:07.639-04:00,Phone Paraphernalia,133
2cb78bd3-179d-4036-be96-bba6dcca4ce4,2016-06-19T15:23:36.497-04:00,Game Equipment,23.99
60335132-d484-4aba-b8fb-e42f07679aee,2011-01-31T09:58:10.594-03:00,Book Supplies,27
6dac63cd-3603-4163-808b-9849df03abba,2013-01-17T09:05:17.344-03:00,Kids Widget,37.99
2737964d-ff9f-438f-a2fc-2fa1811de933,2011-09-02T17:56:19.704-04:00,Kitchen Component,61.95
38570df4-0983-480e-bcd9-bf89f31af88b,2018-04-30T09:08:36.827-04:00,Medicine Mechanism,121.95
27c3c693-b8ca-46d8-8cc2-6dff1e9a6a89,2017-06-30T15:16:10.387-04:00,Cleaning Widget,143
e59b4f7a-c561-43f8-963c-7254160ed174,2014-03-24T10:22:53.329-04:00,Medicine Attachment,129.99
1b7ba29b-a8cb-400e-b22f-28e5eb5239d7,2020-02-18T17:17:32.597-04:00,Music Supplies,123.99
6d839494-2122-4250-b897-fe1bf9eeaf82,2011-02-02T19:30:31.148-03:00,Camping Gear,185.99
89817e5b-eae4-4e21-ab3f-7b7896e8ba2d,2020-01-25T15:08:14.634-04:00,Personal Rig,171.95
fa99def0-cbed-4571-be5b-d2480686abad,2017-11-22T13:29:09.793-03:00,Truck Whatchamacallit,79.99
8b9574f4-8bdb-403d-910f-8756a012537e,2014-02-10T08:51:41.019-03:00,Jewelry Gadget,57.95
4569e677-4807-4955-8446-36bdf240aedd,2010-11-05T18:26:06.545-03:00,Home Improvement Gadget,173.99
e1811f86-ae54-49f6-afe3-742075526ed2,2015-09-21T01:07:27.678-04:00,Tire Contraption,135.95
a6df8d69-1ecd-40f6-a399-e877dcd14f8c,2019-03-05T20:41:27.399-04:00,Truck Gear,77.99
74b0ecd4-37b3-40a8-ad74-584f4013a3d0,2019-12-25T11:33:17.638-04:00,Home Improvement Device,196
7c0ec6ec-41e8-47d4-895e-4743336bccae,2012-12-22T15:00:05.993-03:00,Party Gear,66.95
6dffa25f-b2a3-4f63-8ec9-0b31a23e8b04,2022-08-05T07:15:47.321-04:00,First Aid Whatchamacallit,18.95
a4c03507-14d0-49da-b85a-7b9f926da5f4,2021-10-16T11:40:26.125-04:00,Engine Accessory,176.95
4613683a-e8b5-48cb-aaf5-69298bcc1290,2021-10-12T04:54:47.100-04:00,Cleaning Widget,25.95
078c681d-ec91-4e46-9ef5-6e97877e3029,2016-07-02T09:10:56.701-04:00,Nutrition Equipment,141.95
7a0dd998-1503-4069-865e-ce43b51ef423,2012-06-09T12:34:50.506-04:00,Bedding Supplies,189
034634a0-4abe-4218-ab01-467187c067ea,2010-06-11T05:11:40.271-04:00,Phone Attachment,73
03a3c8c3-8c61-45b3-9456-e27deb9c079f,2019-08-29T20:57:35.789-04:00,Vitamin Gear,193
070b78c2-6bb6-4574-9b37-b21390968b66,2016-05-05T17:33:50.798-04:00,Phone Gear,139
dcc6ca88-ac63-4b0c-857a-5b3821cc5415,2013-05-13T02:59:07.859-04:00,Camera Apparatus,16
00e191be-ef02-4dfd-912d-97d168051383,2019-08-01T12:16:37.813-04:00,Music Gear,49
81597ddc-4293-4603-9b25-9769a08362de,2017-05-08T12:38:41.412-04:00,Movie Thingamajig,15
f18764c8-c3ba-4158-97e9-26e8b334cde5,2019-01-21T23:49:25.736-03:00,Dog Implement,138.95
3582c9c9-621f-47af-96cb-64966563870d,2016-02-22T23:15:01.363-04:00,Furniture Implement,30.95
86787c0c-64c0-4d86-a63c-5e14b9e898e6,2020-07-17T09:37:29.647-04:00,Gardening Doodad,171.99
22981229-1df4-4029-9c94-b23660b0b44a,2021-12-02T18:48:10.078-04:00,Cooking Gear,145.99
290c0f43-9ef8-43e7-9c6c-58b43ed5239f,2011-10-30T07:46:23.354-03:00,Kitchen Tool,149.99
73ddc8e5-197b-44f4-a9e9-b69531e2558f,2013-12-25T18:04:17.819-03:00,Storage Paraphernalia,77
943cb56e-f7aa-408d-81a9-0f5f2e0eaf4c,2018-02-04T20:28:52.280-03:00,Makeup Device,20.95
ce5ead40-d0ad-4d4e-8f11-13a42516d77a,2022-11-21T02:47:18.680-04:00,Camping Device,190
331ef989-1782-4cbc-9c7d-2ddb6246a85a,2021-03-12T16:03:52.968-04:00,Bath Doodad,171
2b022c16-a929-45e4-b1d0-4b6208291813,2012-03-01T23:23:45.849-04:00,Mens Equipment,193.99
cca384c4-6a96-4f54-9568-ad7d0de2c704,2019-10-19T04:37:08.351-04:00,Furniture Gadget,28.99
4271afc1-1dd0-4e15-94a6-2a66153491b2,2019-11-01T20:57:52.979-04:00,Skin Care Equipment,122.95
72a4d499-18c8-41fa-a221-b69c41d18169,2022-12-26T02:58:46.729-04:00,Fitness Thingamajig,17.95
c95d386f-7f33-4478-9402-f69fc70ead3e,2014-09-09T12:03:48.438-04:00,Swimming Contraption,160.95
aacf143c-cf96-4ee3-b3f1-4fee70ee7383,2015-10-15T10:33:19.408-04:00,Skin Care Mechanism,199
25b5ff1e-a525-4aad-8851-cc8c26ccd8c9,2020-03-03T03:58:29.826-04:00,Storage Gear,122.95
77a3f4c0-b496-45aa-a2f9-f88b74865886,2017-08-31T00:19:50.245-04:00,Vitamin Equipment,38.99
7526de3a-3077-4b38-872c-995635f380b2,2015-11-04T05:19:21.414-03:00,Camera Attachment,153
561382ef-49f1-4016-8bb1-7835bc50a2c8,2013-05-16T06:22:30.532-04:00,Cleaning Machine,141.95
1161bc89-3ee3-4751-983e-4d2132d4031e,2016-05-10T12:11:18.789-04:00,Engine Component,47.95
85f3eab3-a44b-4ae8-84c8-f0e68c339410,2014-03-25T15:17:01.114-04:00,Toy Machine,51.95
52456e22-1e9f-46e2-8daa-8b7913e77646,2018-05-02T12:47:23.586-04:00,Jewelry Attachment,20.99
956962fc-7b18-42b5-b5c9-b27e5e8185f3,2014-04-14T08:26:05.484-04:00,Car Tool,15.95
0b9a58d7-7fd2-4cf3-baf0-b756a3394221,2012-02-25T08:01:23.036-03:00,Hair Care Tool,50.99
26ed727b-01ae-4607-8671-14e037c0363d,2012-06-29T11:35:48.555-04:00,Game Kit,128.95
d89c8e6a-c556-44c7-a6ca-5ec250bb7e7d,2011-09-03T18:15:25.846-04:00,First Aid Whatchamacallit,54
443982b5-13e5-46c9-a39a-bf0e3f4413c6,2022-05-08T14:08:52.894-04:00,Bedding Rig,27.95
f80d8628-9841-4549-9e00-333905a61146,2017-02-23T22:45:06.970-04:00,Party Paraphernalia,40
4e17ca46-1e5e-430f-b8a8-32a580ce4549,2016-10-01T19:06:38.565-04:00,Home Improvement Accessory,53.99
ac388c78-cc67-45ee-b9f4-1461b1913ab5,2020-07-26T03:30:20.712-04:00,Swimming Equipment,192.99
fc4a996e-832a-463e-99db-2603920d3458,2018-01-22T22:39:17.686-03:00,Fitness Apparatus,193.95
71e78e56-1eaa-4a7c-a405-fd4e56e935f5,2017-11-21T14:38:26.184-03:00,Book Gadget,131.99
8ab4fa0f-a26e-4c1d-93f7-191e134a1c8b,2010-09-16T17:34:42.430-04:00,Outdoors Paraphernalia,145.99
3627fad1-d187-4cdc-ab13-ecdd5c021673,2018-10-27T01:33:08.671-04:00,Skin Care Gear,34
3b00e39c-3843-4746-a023-370f99823b55,2015-01-01T01:58:46.672-03:00,Engine Item,105.99
23dcc227-9b03-4483-98e0-572bdaec0200,2015-08-04T15:14:18.026-04:00,Kitchen Supplies,45.99
f41773ca-4462-4159-a9c9-bfcdee3ebe9c,2021-06-16T04:52:34.401-04:00,Furniture Gizmo,87.99
4c196a20-b9e2-445d-85a3-17a54f934b7f,2017-09-23T09:27:40.721-04:00,Truck Component,110.99
217e3fff-d5ce-497d-bad3-a38508986ac2,2018-07-02T15:52:22.469-04:00,Music Whatchamacallit,148
156b58c1-9c9a-411f-a603-f0c91237fa0c,2013-10-21T07:18:09.503-03:00,Tire Thingamajig,74.95
8247fec3-c319-4e61-bb50-55a370800b06,2020-07-10T23:39:57.369-04:00,Makeup Component,144.95
fed08fd4-24c6-4d7b-a9e7-1338a20b91ec,2016-09-14T08:39:21.987-04:00,Book Component,156
1bded2c5-9480-4e00-bec2-777c65c4912b,2015-03-21T22:24:07.858-04:00,Gardening Gizmo,130.99
4c291707-0285-418c-85d6-db58289c4bef,2019-10-06T03:20:45.054-04:00,Baby Supplies,32.99
50e03f30-1fd9-465a-bfe6-c456736d8e12,2016-07-21T00:36:01.261-04:00,Game Thingamajig,184.95
b2620003-cf5e-429a-a862-6cd82f4b0f64,2021-07-29T07:57:59.738-04:00,Cooking Doodad,25
86479fee-d810-4b92-a389-decef4cf9f1f,2021-12-11T06:57:21.268-04:00,Cat Instrument,77.95
899f6d26-4914-455a-b332-752ce2af2f41,2010-08-14T21:26:31.739-04:00,Aquarium Whatchamacallit,45.95
1d3f8b21-408d-431e-b087-c1f52f56026a,2020-08-29T06:14:53.740-04:00,Storage Attachment,132
6f079cef-2685-45d3-b6c5-589e0a720b03,2021-01-21T11:18:30.226-04:00,Party Widget,77.99
3dceb637-970e-4d44-8245-06d1653932ad,2015-08-05T11:12:54.202-04:00,Cooking Kit,139
914463aa-1b55-4eb7-8644-63cb69f7a394,2019-08-03T00:30:09.385-04:00,Jewelry Equipment,39.99
a0f092c5-8038-484e-9289-5ba4237aaf81,2010-09-30T22:10:10.811-04:00,Bedding Widget,41.99
6780308f-4448-462e-ac67-221007e5a004,2015-07-20T05:26:40.377-04:00,Mens Item,106.99
29cfb30e-d3c8-4d99-82da-897ad37e472a,2014-08-15T18:59:08.892-04:00,Party Gizmo,104
b0ae28f9-02aa-47e0-bae0-b64e5a213d4b,2020-04-18T18:02:59.011-04:00,Hair Care Machine,196
a7be8b35-a949-4a16-99d1-c7ed5c543e2b,2013-10-13T05:12:09.678-04:00,Toy Apparatus,182.99
d03eab5f-07c0-4a2c-bd44-e2b23e21a18a,2012-07-31T17:50:42.156-04:00,Dining Paraphernalia,145.99
25b73895-7cdb-4d7b-86de-a331b1280168,2018-07-23T02:34:56.079-04:00,Book Doodad,39.99
5c73493c-5306-4b68-a28c-00127246a7dd,2017-10-27T22:31:24.325-03:00,Furniture Item,53
c17883da-8636-4c65-98d2-8a77c8e612f4,2014-06-02T03:30:41.570-04:00,Book Apparatus,163.99
559fab1f-0713-4fde-bfed-c797e0e2f309,2016-02-25T21:31:44.744-04:00,Personal Mechanism,146
6cfd295c-a18f-4e65-a969-79f3ce1f7cb6,2018-09-15T03:02:14.424-04:00,Dining Component,192
d2d24638-481b-473c-aee5-e21702981e2b,2017-06-29T06:22:28.176-04:00,Technology Item,34
7920f132-f87d-4541-ba11-284ee34a1bee,2019-01-25T08:50:31.707-03:00,Dining Gizmo,124.95
068332ac-5729-440e-a1bc-48a9cb2825fe,2018-12-27T15:03:40.009-03:00,Sports Apparatus,95.99
aad7a155-b4ab-4111-a1e9-30991aad392d,2014-11-30T15:17:29.091-03:00,Makeup Tool,20
64ec0ef3-d436-4c53-9b98-8ecf09d4ef03,2012-09-23T14:23:37.052-04:00,Womens Attachment,61.95
64590ff7-1b58-485a-b83c-c9eb648a4c69,2015-02-10T03:09:31.790-03:00,Cooking Kit,192
761f8ff1-6f6d-4451-9e70-056b359872ae,2012-02-22T01:30:48.503-03:00,Personal Gadget,176
3a9acb82-300c-41a5-a014-fa76f3e797aa,2015-02-12T20:54:42.864-03:00,Jewelry Widget,192.95
e202ff3a-0c44-49ad-8424-75f79b765f17,2010-01-05T13:27:41.830-03:00,Sports Supplies,110.99
9767120f-67ee-42a4-b531-c1e971a9f96f,2011-12-26T01:05:21.175-03:00,Biking Thingamajig,18
b3fc722b-9bfa-4ffe-819a-e9265e4b21ba,2012-02-12T03:19:30.138-03:00,Mens Attachment,144.95
00a72a67-d6ac-4462-b228-037d94e693f2,2017-04-25T19:40:32.089-04:00,Camping Supplies,68.99
b395b88e-2e0e-43a6-ac03-51078f43a5c5,2023-04-17T01:36:24.023-04:00,Medicine Whatchamacallit,112.99
05568226-417b-4eec-80ad-c61d618799d9,2014-08-28T05:58:52.918-04:00,Kitchen Accessory,40.99
e82765c8-01e0-4008-a119-e22d45118774,2021-06-02T06:04:09.406-04:00,Sports Attachment,183.95
6029c828-37af-4a63-949b-ad98f86d9ec6,2012-06-13T12:24:04.698-04:00,Aquarium Machine,51.99
5cd4c601-cf1d-4d10-a1d8-82c27df69ed8,2012-09-03T05:14:16.375-04:00,Computer Rig,80
ec003a70-aa90-4208-b49c-322e1758a4fa,2017-10-24T12:34:58.450-03:00,Tire Component,143.99
e9a57e93-f893-49ee-9b5c-d9eaecf73b44,2020-03-28T16:34:56.271-04:00,Book Instrument,139.95
0779861b-c73c-483f-a19e-6ab91982e8df,2020-10-01T19:23:10.544-04:00,Camping Instrument,10.95
c8d96795-5bd9-4b8b-bc79-bedede1e3480,2010-11-08T12:33:29.292-03:00,Engine Thingamajig,150
43cd79f7-a084-465b-a539-a8395ea4725b,2016-07-27T04:26:04.044-04:00,Storage Gadget,163
77a0ef7f-e74e-4e36-ba18-59ad2ab06672,2017-10-20T20:59:47.621-03:00,Cooking Machine,193.99
2bfd82aa-d3f2-4716-9644-3239cb167299,2013-10-06T18:15:18.961-04:00,Game Doodad,73
2028e81e-04fe-4a54-8526-9e24e2dc7e09,2010-06-19T15:57:40.069-04:00,Kitchen Instrument,135.99
725b3944-2a3b-46a0-a7cc-91c4c07b225a,2022-01-25T06:17:32.859-04:00,Vitamin Supplies,71.95
bf3953b7-3885-4a4e-b1dc-ecf80e14cc27,2020-12-11T19:55:25.401-04:00,Truck Equipment,177.95
8d6afbdd-0790-420c-b53e-595b00a0c6f0,2013-11-21T00:34:43.246-03:00,Movie Whatchamacallit,176.99
c11d7cf6-da3c-4be9-b4f6-28058f18351e,2019-09-28T13:35:55.919-04:00,Outdoors Component,187.99
83132612-d232-4551-b3e4-b319e72aa732,2022-09-11T04:35:57.352-04:00,Engine Device,93
d3002348-8ff3-4db6-98f4-c9bbbc8c7aa9,2010-08-24T06:44:10.727-04:00,Dog Instrument,59.95
cc34cb89-1440-4cf1-bfc2-0ab03849d3eb,2021-04-08T12:01:56.687-04:00,Vitamin Rig,122.95
1e56ac15-7f33-486b-b9c6-3a70869849f1,2010-01-18T03:32:00.445-03:00,Makeup Attachment,130.99
8b60938e-be1b-4030-b594-795b87d678e0,2012-05-20T21:34:59.120-04:00,Technology Attachment,83
3be9d6b6-52ef-428f-9e7e-dbd9857a26fa,2012-10-05T13:14:22.326-04:00,Computer Contraption,194.99
e466bece-9984-492a-b692-0efe25fb2caa,2015-05-19T08:05:42.977-04:00,Biking Equipment,35.99
9a82fd20-1776-474c-9fd9-8f99a6769109,2010-09-30T22:21:27.578-04:00,Dining Gadget,35.99
1248d706-30e3-4b7c-aafa-f4d76e80c99a,2011-04-04T09:01:13.008-04:00,Fitness Supplies,189.95
77d522e1-7842-41b9-995e-311f220db88b,2017-02-26T11:04:15.911-04:00,Outdoors Gizmo,42
c162a8cb-18fe-40ac-9686-b480b625878d,2012-01-30T14:07:27.223-03:00,Party Gadget,44
cb511441-95f3-4fc9-a540-6c0e8a8deb36,2013-02-27T18:57:49.563-04:00,Womens Widget,168.95
51a4887d-d1cf-4f9c-bc9e-81f23a0aadad,2017-06-08T08:17:30.045-04:00,Home Improvement Accessory,99
27ceea6e-dd73-4962-bad6-e633ef0af44e,2020-10-25T04:12:34.215-04:00,Movie Mechanism,87.95
b8a6bbc9-26b5-4955-a443-72316a84e61e,2016-04-29T03:17:09.796-04:00,Furniture Thingamajig,147.95
8f7da0f5-7e13-45f2-94ff-ae4b0d4ab20e,2018-08-15T02:42:57.337-04:00,Camping Thingamajig,155.95
d72d2e9f-525a-4c46-a077-2abcb718a9b0,2021-02-19T14:50:05.764-04:00,Biking Paraphernalia,109
d1ab596d-0dbf-4285-87a5-0db7ab4d77f0,2021-05-02T01:01:24.274-04:00,Computer Gizmo,34.99
1e7b63f5-fcad-4ea9-8abf-be9f7084cde6,2017-06-21T15:39:42.520-04:00,Party Instrument,147
0a5a9120-856e-42c6-b93e-634a55873996,2022-01-29T20:24:30.953-04:00,Book Paraphernalia,19.99
7c02a54e-31f9-4e10-a9a7-39838a025f01,2013-03-20T23:36:17.819-04:00,Baby Attachment,19
31fa836a-a946-4a45-828e-834c2ddad636,2017-10-22T08:55:02.577-03:00,Swimming Gadget,26.99
94499aed-9b0a-445b-ab18-e7a4e5286775,2012-07-28T06:57:08.256-04:00,Mens Rig,34.95
98590a65-0fab-41cb-81ed-7ab2f00f6828,2013-10-05T07:38:59.814-04:00,Phone Whatchamacallit,102
c0ac58e4-45ca-4751-8325-d01a29533535,2012-01-12T09:23:14.182-03:00,Cleaning Component,158.99
3cf95bcc-f834-4d17-b16d-4422efac9dba,2021-12-28T16:51:19.142-04:00,Party Kit,58.95
bdea9924-acf0-4666-a1e7-81bb1c2fb6d4,2010-08-02T01:42:59.035-04:00,Fitness Whatchamacallit,75.99
05369da4-cf94-4c8d-b6d9-895e67c157a8,2017-03-09T20:59:12.234-04:00,Makeup Tool,95.99
ae78e88f-67f3-45ef-b79b-348d7b1cb639,2013-09-07T04:37:20.945-04:00,Camping Gear,28
a4a31307-626c-40af-9589-e1fc590b659f,2011-09-30T11:27:03.111-04:00,Swimming Supplies,142.95
7c4221fc-cc9c-4bd4-bed8-29387bb1aeff,2017-11-20T00:28:27.761-03:00,Gardening Gizmo,54.95
d0632ed5-d017-4fcf-9501-ed55170b345c,2014-04-03T07:28:51.824-04:00,Home Improvement Contraption,140
bde0c34a-37b4-4be9-ae7d-ce3f829a0d3e,2011-12-23T12:59:46.397-03:00,Outdoors Gadget,83
cac5b1f3-f935-4da0-9b19-248e83c1b9a6,2021-03-19T14:31:09.383-04:00,Party Attachment,105
d219551f-0fd2-44ff-a285-854db26a379e,2017-05-08T03:44:15.971-04:00,Sports Thingamajig,170.95
199c332a-363e-490a-ba23-9c50c10588b6,2013-06-14T19:15:12.662-04:00,Bedding Instrument,112.99
7a536149-6038-4a0a-9abc-95fe6e72a333,2021-07-26T11:20:53.145-04:00,Music Device,43
00108ed7-97f5-436e-95c1-db1f0885109f,2017-06-11T06:25:08.737-04:00,Outdoors Apparatus,32.99
8d984aad-2e2b-48b8-8aaa-2641c1305a34,2015-07-02T10:28:12.637-04:00,Bedding Gear,112.99
3554c358-4955-4905-b9aa-93b21f030fd2,2012-02-05T21:54:00.823-03:00,Outdoors Tool,133
77e9aca3-1877-49b5-a808-0fcc4fd1c88a,2020-11-16T14:15:37.636-04:00,Gardening Thingamajig,107
c0d4076e-828f-4cbe-b8e6-f1931b8d55a1,2015-02-20T15:51:58.010-03:00,Camping Device,44.95
e2fe2dfa-3ddf-4450-9977-137ba98e48c7,2018-01-14T08:30:40.721-03:00,Truck Instrument,34.99
eaae334d-ca9f-4d1e-8011-10d6f41c653d,2019-01-05T04:04:04.714-03:00,Beach Equipment,24.95
e07d96f9-bd92-4245-9253-f8eaf716fefa,2017-02-04T15:04:49.712-03:00,Gardening Contraption,56
b9182ca0-e3be-40dd-b76b-c0bd21daec19,2021-07-31T10:11:33.951-04:00,Womens Doodad,32.95
22dfe8fa-4805-498d-80a3-43dea39f72cb,2021-12-06T10:58:26.692-04:00,Truck Mechanism,140.99
3fd9190e-dc72-4738-9dcc-e07ac65292d0,2012-10-07T05:01:32.172-04:00,Engine Item,85
edd53446-0327-4116-9746-c8371db7fb1a,2011-09-30T20:24:35.909-04:00,Truck Device,121.99
7686e692-3855-448b-9ba6-70a98a245566,2013-04-27T15:54:03.044-04:00,Skin Care Gizmo,48.95
dae48b9f-e78a-4e9b-929e-a2b57004c090,2020-11-20T19:02:34.545-04:00,Dog Instrument,122.95
291a5f67-d1dc-45ee-8fcb-f7f1c0c792c9,2014-02-23T01:44:11.283-04:00,Technology Doodad,24.95
43871990-52e5-40e6-ba77-d4d173242ff1,2011-03-26T20:14:07.445-04:00,Book Apparatus,77.95
97f07f25-f5c5-407b-8eda-92971c5ec5d1,2011-01-31T17:21:32.864-03:00,Hair Care Doodad,194.95
952dafa8-c655-4d0a-8ed5-09a1f92ca73b,2019-11-26T07:59:16.351-04:00,Computer Gear,182.99
09a3cc17-2309-4827-8098-3853b09c9ac6,2023-04-07T17:04:44.214-04:00,Party Mechanism,43
b48486dc-7926-47c5-849f-361a6da67e7c,2015-05-16T21:26:26.506-04:00,Bedding Contraption,45.99
21bbea09-4586-4b0d-adb7-78b02a526d1e,2012-03-21T02:55:10.840-04:00,Furniture Thingamajig,115
6add24e8-b47b-4564-bc85-f0c3438497f5,2022-08-07T23:42:02.679-04:00,Dining Supplies,85.99
394dcee3-10ba-4d7f-99e6-6b541bcfa87f,2011-02-10T15:46:38.044-03:00,Furniture Doodad,42.99
3e8eb7c3-282f-454e-9d99-c629ee030dcf,2022-01-24T18:28:15.241-04:00,Truck Accessory,194.99
81992d8d-b9c3-4af9-b7e4-375457c1078d,2023-02-27T23:48:49.682-04:00,Cat Gadget,159.95
79c983cb-6d0e-48ba-93d5-28a3761c181d,2018-11-26T06:40:28.754-03:00,Kids Accessory,58
317d2343-55ca-43f1-824e-56316d250700,2015-12-02T01:10:23.171-03:00,Party Contraption,150.95
20b04121-3293-405c-a668-8fb09ba88a26,2014-03-21T04:19:23.164-04:00,Fitness Accessory,11.99
a8140bf8-1970-4ade-9fde-022e44ac000f,2011-06-09T13:03:07.131-04:00,Sports Thingamajig,56
46832d39-e98c-48d2-8864-f6b3cbe3fc72,2010-02-10T19:43:47.926-03:00,Sports Tool,26
a0cbfaed-2e36-46a5-be72-fd9d1f4c0ff6,2023-03-10T10:39:37.071-04:00,Kids Device,159.99
8b62dfc9-ffeb-49ed-b40c-694204730fba,2012-06-16T00:47:11.690-04:00,Jewelry Whatchamacallit,177.99
861b3478-32b3-4745-b650-be1817dfb623,2011-07-16T12:00:08.187-04:00,Tire Tool,191
4ef37331-e9be-445c-9582-0847bc135f55,2015-01-25T14:12:46.435-03:00,First Aid Doodad,128.99
37bc3a53-9804-4337-b19b-f7e5e4b0be52,2014-10-16T02:25:19.542-04:00,Kitchen Mechanism,78.95
576c127c-0d96-42cc-a89e-9121722406cb,2020-01-17T03:58:22.570-04:00,Phone Tool,151.95
e9e7d5f6-a1fa-496f-8fec-52154ac58775,2022-12-29T21:41:38.391-04:00,Computer Whatchamacallit,186
616a723b-cf67-4de7-a6c1-81640418a586,2011-06-25T17:16:32.327-04:00,Music Tool,79
a75c5744-7a41-4264-884e-9e404a31143c,2020-02-24T19:13:22.068-04:00,Storage Apparatus,54
5511ae87-2069-40e9-93ab-bbf1b83a7ac4,2016-10-02T01:55:24.128-04:00,Car Item,111.99
094b0704-3b49-4656-9b41-b2053991ef07,2013-04-30T07:08:02.872-04:00,Computer Doodad,125
580850d2-6649-4abd-a3c5-ad83cf6c6185,2013-02-20T10:01:35.177-04:00,Car Gear,109
c1a40fb0-f6a8-4184-a335-4521b4b22787,2018-08-05T13:33:49.066-04:00,Furniture Doodad,128.95
9d0bb164-dcfd-4b4c-93f3-711f6b698bad,2018-01-25T07:10:57.841-03:00,Beach Instrument,127.99
974fe2b9-f5f9-4e3d-bea0-6de2e8162f91,2016-01-31T20:43:27.159-03:00,Computer Widget,46
d3d89a5d-abde-4444-9a3f-7637d69325e1,2013-03-07T04:48:50.066-04:00,Medicine Machine,69.99
e3c06147-de58-4a77-b66c-bbe2350dc04d,2019-06-10T23:05:36.953-04:00,Swimming Mechanism,148
f30cd6b1-b357-453f-a6f5-a4e4087933f0,2014-05-09T09:55:47.656-04:00,Personal Item,70.99
ad07eadf-b40e-4900-99a0-0a71135da617,2020-03-29T17:21:57.280-04:00,First Aid Gear,189.95
08d0652f-8d71-457e-8ead-2c4b31425381,2022-09-08T23:10:17.245-04:00,Tire Whatchamacallit,86
0c45dca4-1067-4e40-a1a3-2730e318214c,2016-11-05T09:00:04.539-03:00,Swimming Instrument,13.99
72c528d1-1fbc-4f40-af55-1f85bf8f22b8,2013-07-29T18:24:48.810-04:00,Bedding Widget,167.99
f0d77ef2-08ee-4b62-83e9-d3973c59be3a,2018-01-08T05:24:17.613-03:00,Baby Doodad,167.95
69be6e93-dab8-42c2-82d1-81acef949759,2013-07-05T12:47:34.830-04:00,Womens Paraphernalia,114.95
3ece773c-2c7d-404e-ac58-7abfc4d5e58c,2017-04-24T15:03:32.815-04:00,Medicine Component,79.99
520ab70c-3139-4fd8-97d7-be0b743d9542,2018-12-03T09:06:43.321-03:00,Swimming Accessory,197
d5115d0b-b368-4aad-8adc-9cc1d0f9027a,2014-08-01T04:31:49.689-04:00,Vitamin Supplies,115
fc2890c2-c748-47e4-a915-cdbf6f758926,2021-06-17T15:36:48.651-04:00,Nutrition Device,120
5fe570f4-fee0-4fcc-b485-43222b41bcb7,2018-06-30T08:01:44.132-04:00,Game Apparatus,199.99
fa0284b5-301b-47db-95b3-fa3c5ec3f214,2016-09-27T21:05:29.857-04:00,Toy Thingamajig,143.99
c41908c2-a536-45be-befe-f10ff3acd50e,2012-06-27T05:56:54.829-04:00,Truck Equipment,104.95
5b14fefc-f95e-4ecd-b6fd-39d6a6f032e6,2017-09-20T14:03:22.642-04:00,Technology Paraphernalia,36.99
e7d48fda-e510-4a68-bb55-7f8b9db09b3d,2018-10-29T02:34:00.546-04:00,Hair Care Mechanism,147.95
d4143cfe-585c-454e-8da5-0ee0b94bf687,2017-09-28T23:35:22.364-04:00,Party Whatchamacallit,52.99
94c7d284-c470-42dd-b066-cae6e3e3083a,2017-10-18T10:29:12.628-03:00,Cooking Supplies,157.95
885c0fee-0e91-4b9e-91c4-8b46a32dbc35,2014-06-01T14:07:27.820-04:00,Bedding Apparatus,16
33b796a3-b835-4ec2-93f3-319a5e998d3e,2011-11-05T22:15:04.472-03:00,Mens Mechanism,62.95
1659dbac-a5ba-45d1-b53c-6ce06663dddc,2014-10-04T11:58:43.755-04:00,Music Implement,27.95
39703e4c-ff8f-4b0d-9175-55f79a833018,2017-09-03T07:38:13.457-04:00,Sports Thingamajig,118
8cc7b0a7-ea94-4a8b-946a-a775f1c39be0,2010-06-20T04:17:24.528-04:00,Truck Mechanism,48
39c4be11-7745-4b36-a755-a470005f13cd,2013-12-02T23:15:17.329-03:00,Personal Accessory,13.99
67cc634c-804c-4233-847d-e8dcc01fb4d8,2019-02-23T12:54:23.953-04:00,Fitness Whatchamacallit,94.99
7e9a3c8c-a050-43c4-933b-48ba171fe845,2016-04-27T14:55:01.900-04:00,Truck Item,126.99
6b8b0106-0dbe-46c6-885f-7f144bc1e979,2021-08-22T10:48:25.343-04:00,Phone Instrument,12.95
1b9764a7-65f1-4c7a-acec-67056ac9c71f,2012-10-28T05:43:25.719-03:00,Jewelry Machine,116
0cf635f4-8c6c-4e1c-abad-9f1a072db3a8,2016-08-23T22:02:22.877-04:00,Bath Supplies,117.95
6e9661f8-5175-4b0a-b243-92bb9a26a23a,2022-12-24T07:03:36.814-04:00,Camping Apparatus,68
1d86bbc1-6a0e-46c5-9d85-e9cccc2bc49c,2019-02-13T18:31:01.866-03:00,Music Rig,104
24881b39-a8c4-4396-be82-f9354345d64a,2014-03-13T21:16:33.705-04:00,Movie Gizmo,165.99
f48e4812-192b-4b4c-a208-b0ce05300f3e,2021-09-19T22:33:45.733-04:00,Hair Care Rig,34.99
59b9374c-54b5-4f31-b7bf-ceb77371b07a,2013-02-20T08:36:38.008-04:00,Hair Care Contraption,180
bf092a30-c504-48cf-a4e9-9cbd33a13af7,2010-11-01T01:30:26.398-03:00,Camera Widget,120.99
6d89f58b-6bcc-4e0b-8aad-77d512c2375a,2021-03-13T02:28:57.233-04:00,Book Accessory,100.99
73ce3a11-5dc8-4ae4-a33b-d92741324220,2019-01-03T08:23:55.623-03:00,Beach Thingamajig,155
bbfbf7c5-765b-4c48-b71a-9f6be059be57,2013-01-25T10:29:41.580-03:00,Truck Supplies,81.99
6d20ce14-b388-4ad5-9cec-a2ffdea051e9,2018-12-26T06:15:48.116-03:00,Vitamin Attachment,12.95
ccbf6cd7-32ac-4ff3-827b-716838276fcb,2022-06-17T04:07:25.123-04:00,Personal Whatchamacallit,175
b090f155-1ee0-4e5a-a5be-240bf9c4fa30,2015-04-21T23:46:16.131-04:00,Medicine Gadget,112
7ab7aff7-a307-48f9-b3f5-2d05d3df052b,2019-06-24T00:17:38.603-04:00,Dining Thingamajig,170.95
95fd8e6e-2876-4a4d-80f4-224e5df4c3bb,2019-12-26T18:33:35.359-04:00,Mens Doodad,114
5c53e32d-c5b3-4dc4-860b-42692471e282,2014-07-09T17:01:25.380-04:00,Storage Gadget,38.95
11151e72-8dc1-4490-9d44-5fe6e0ff06da,2022-05-20T07:14:01.890-04:00,Medicine Item,137
d0e60541-e286-472a-8560-01781415f347,2016-09-18T03:15:30.688-04:00,Makeup Whatchamacallit,140
3900158e-e07d-41f4-b48e-8cebb918e2cf,2021-02-25T05:24:01.877-04:00,Jewelry Attachment,149.99
985ce3e6-ee1d-4f97-94d0-a7bfd9f21b5d,2010-02-03T06:08:28.181-03:00,Vitamin Contraption,82
fd5eaab2-b643-49b0-ae15-766151666754,2014-04-23T01:50:48.735-04:00,Mens Paraphernalia,114.95
76c4e1df-1436-4f42-8bce-375f2e34f657,2011-08-24T14:55:41.185-04:00,Baby Contraption,135.99
80e038b6-bb56-4151-bf66-77d2835732e0,2011-04-06T15:46:28.131-04:00,Skin Care Contraption,127.99
43205379-63b8-4c93-b61f-016fe9e05ab7,2012-03-04T04:44:00.868-04:00,Engine Component,72.95
2399c7c8-47cf-4142-9b6b-9179f9f3f11b,2010-01-07T17:58:01.144-03:00,Storage Component,43
00bbeac6-ef49-4b6c-97fb-fcdd3cbdf8bf,2020-06-09T19:22:17.563-04:00,Aquarium Widget,173
6ff71bf3-28cc-4e2b-8869-f3feca05f677,2017-10-18T22:00:05.441-03:00,Fitness Doodad,170.99
7bd50fde-7384-4325-a77f-1b1bde419617,2016-10-30T22:41:51.717-03:00,Fitness Device,184.99
cfda1bb3-85bb-4c97-964f-fd37f0de5d76,2021-05-31T08:37:23.837-04:00,Jewelry Device,170.99
2e19a9c3-8bd9-4c14-8515-5648e65c4602,2012-02-29T10:26:03.452-04:00,Cleaning Machine,100.95
02a3304b-af20-4e31-a62f-bb4c0cda9fbb,2020-04-28T07:23:48.004-04:00,Outdoors Gadget,145.95
19255fe0-c2a6-4d08-a7ca-05286b9c45d5,2020-05-23T14:25:26.999-04:00,Music Device,134
e908f1c5-6d7b-4ea0-830e-0c0be517bd75,2022-08-21T08:50:58.098-04:00,Baby Gizmo,17
8050c323-183b-4fca-8c80-335932daf6ed,2020-08-19T20:15:26.535-04:00,Bath Gadget,167
f86b3c6b-74f7-4150-9f47-919c930f5693,2017-06-12T05:15:36.946-04:00,Music Mechanism,49.99
e0c964b5-5502-4507-95c3-f089c537f178,2021-04-26T06:26:26.499-04:00,Book Implement,75
3889f4e4-4216-4cf2-9383-5c64dc0a39cc,2020-06-22T17:15:20.023-04:00,Bedding Kit,53.95
5f7b3f56-b364-4b4c-b100-7e3283eebac0,2020-07-08T03:36:30.405-04:00,Movie Doodad,197.99
df8a36fe-21ff-4283-80de-80fabf9ec8a5,2022-10-29T22:21:09.876-04:00,Bath Gizmo,174.99
20c2f13b-3985-4be2-8b9d-57494db9d211,2022-01-13T03:05:31.051-04:00,Storage Thingamajig,94.99
75021c8f-c892-4264-b677-be988799b2da,2012-09-26T00:49:41.051-04:00,Engine Gadget,191.95
78e0219c-adf5-4239-805a-290cd16fc1be,2014-05-16T17:41:42.490-04:00,Swimming Machine,86.99
e7b8e32e-8ccd-4c6b-9c58-7f92a61b0426,2013-04-11T08:52:13.950-04:00,Beach Thingamajig,15.99
03c2f9fa-5172-497f-952e-3b987e550439,2017-09-23T10:59:15.354-04:00,Dining Equipment,190.95
ed9f68e9-8644-49af-9a9b-a1b3f84f3621,2020-10-20T11:07:35.780-04:00,Cooking Rig,98.99
e164a994-9c0b-4f34-a128-1c052d69cf13,2022-05-20T16:04:08.166-04:00,Technology Item,81
a3faf526-6ca2-4ddb-8912-ed6f9da7af9a,2010-01-31T11:37:22.842-03:00,Bedding Gear,79
9b404a00-b9ca-4b41-b696-9e0e44b5bf29,2011-12-25T10:49:07.433-03:00,Truck Widget,189.95
37403cca-6439-4187-b0d0-c599a24cf4d7,2017-07-12T23:29:36.587-04:00,Biking Contraption,158
90d793a4-c42a-4493-a43e-72d0940a770a,2014-05-08T20:45:59.008-04:00,Furniture Instrument,168.99
806782ef-f3c1-472f-9070-f88342ad1e74,2018-03-02T20:16:07.486-04:00,Music Gear,161.95
d89f7f7e-0c81-41de-8c7f-0df49df0ac0f,2015-10-05T03:01:29.811-04:00,Vitamin Component,119.95
52a9b04a-b778-4d65-9e3d-51659598285b,2019-06-29T21:32:56.010-04:00,Dog Gizmo,162.99
34977d84-077f-4d4b-9658-91fe9ad58679,2013-11-11T14:30:02.268-03:00,Dog Thingamajig,17.99
5600d280-0768-43f1-b560-a3006b752fe9,2023-03-20T10:33:31.586-04:00,Fitness Machine,76
eb3e2a84-c174-4902-84b6-d7f840ff1bcb,2011-01-27T16:42:30.734-03:00,Storage Tool,101
d79d283e-32a8-47a1-83df-7db59b9509cc,2015-04-09T10:29:56.362-04:00,Bedding Accessory,140.95
1f25fd77-5f9d-47b3-be88-486a93742010,2020-01-03T13:31:54.168-04:00,Truck Gadget,101.99
12173ad4-d9b2-4ae6-a346-43c92ab4a90f,2020-07-15T23:23:47.388-04:00,Movie Supplies,196.95
4e3b5486-8a15-4e48-a6e3-cd5ccabe513d,2010-04-30T02:40:25.683-04:00,Swimming Implement,135.99
9a82eca2-a520-414e-aaa9-01a5f8271d55,2017-10-23T02:21:54.202-03:00,Gardening Equipment,74
7182b46d-30aa-4931-983f-2edb90cb03fb,2022-07-10T12:34:39.944-04:00,Book Device,49
15b8612e-ac1b-43ce-82fa-c10dd481b5e3,2020-07-02T03:05:50.638-04:00,Phone Tool,68
b734f9f8-3d12-4057-b97c-4ff93777e08f,2018-12-11T07:52:23.821-03:00,Camping Attachment,54
89415b29-02de-4ebc-a962-a86e82db5b54,2011-08-10T19:17:25.206-04:00,Medicine Widget,73.95
a68e2f6e-8719-4233-be66-e7a7129c07f2,2020-07-30T08:29:30.635-04:00,Nutrition Mechanism,16.95
da236096-f2c0-4508-95ba-cc6d12d954c8,2022-12-17T04:47:24.690-04:00,Sports Supplies,50.99
082b4f50-b7ba-46df-ab5a-d8817af567c4,2014-01-03T17:17:54.705-03:00,Vitamin Widget,75
96f9716e-c668-473c-bc90-73919c08f0ec,2020-07-08T08:21:40.144-04:00,Phone Tool,140.99
e77d6262-0aa7-4eae-9105-78749c5b97f0,2011-04-27T07:57:16.826-04:00,Game Thingamajig,176.95
5baef113-5e92-4747-88f5-6f642a526306,2018-03-22T23:44:51.361-04:00,Jewelry Supplies,49.95
48cd4586-5b45-4198-ae06-05df39a604d5,2013-06-01T03:02:18.977-04:00,Gardening Thingamajig,51
4f6ca9b9-cb10-4721-be21-fa1afeee614e,2012-07-06T00:46:05.150-04:00,Bedding Machine,73.95
2dfb2b44-5fda-4045-9f4b-192bb3ac19f3,2016-12-02T08:43:12.583-03:00,Biking Whatchamacallit,119.99
b45a9f0d-b3cd-4118-a746-f3e963ca4754,2012-05-23T04:47:01.555-04:00,Womens Instrument,163.95
e15b00e7-89c1-4066-8149-a3010d0903cb,2010-11-06T16:40:10.151-03:00,Furniture Paraphernalia,149.99
80fc3bd3-2bad-4b9c-ba4e-a8d6e90cac12,2020-08-25T13:50:43.379-04:00,Womens Accessory,154.99
dd8780b6-1346-4492-90d5-f02fc4153e13,2022-10-01T00:34:43.279-04:00,Outdoors Gizmo,105.99
946f1f2c-b267-4295-bf77-6ba41b45109f,2020-08-24T10:13:15.766-04:00,Kids Component,68.99
bd3cf932-6c2d-44b3-9f50-22bcf0ee2146,2014-02-09T13:16:21.581-03:00,Dining Rig,188.99
f34a6bbb-1877-4607-99f2-88ba016c6ef1,2021-07-06T02:56:02.457-04:00,Jewelry Implement,186.95
3079ff47-786a-4e85-baaa-9fac3cd8fa98,2014-03-22T02:01:30.674-04:00,Cleaning Kit,161
7050806e-5dc3-4e4c-9d30-c733ef9238b1,2021-07-18T10:37:54.005-04:00,Personal Device,33.95
aaadc3bc-5701-4f90-98a4-11a677022a2b,2011-07-03T09:55:03.819-04:00,Toy Tool,187
b1298b85-d77f-4e29-beb4-fe5138b7ca0f,2015-12-25T08:41:07.563-03:00,Cat Mechanism,69
27029706-e595-4ec5-923e-660b117be520,2016-05-05T14:12:21.845-04:00,Gardening Device,98
f096c26d-a6f3-46f9-8acd-be90066c0add,2018-11-29T23:18:33.816-03:00,Mens Thingamajig,195.95
0004614f-8943-4b17-8b3b-d08bc353e334,2013-05-04T18:02:58.102-04:00,Nutrition Implement,44.99
8ac933d6-ceb4-4018-8a88-19a8ca25029e,2013-05-21T08:30:31.241-04:00,Truck Doodad,39.95
fe671d6e-3c22-449d-b5c0-36651759a911,2013-10-30T11:25:52.005-03:00,Technology Component,135
05c47861-74a8-429e-bb58-0c74b491c4d7,2019-05-25T06:57:07.708-04:00,Truck Doodad,20.99
1c7f4901-6661-4fc9-83ae-17c9365f3b9f,2015-06-27T16:10:29.823-04:00,Movie Item,74.95
c5b7742e-5a2d-4661-918c-e5026701e0bf,2010-08-30T08:20:09.851-04:00,Cooking Attachment,191.99
f9d7464e-81d6-4418-8bed-e2a0c25d5991,2020-12-13T19:10:14.100-04:00,Fitness Thingamajig,176.95
523a3778-af90-46a8-9ca8-d63371d3c42b,2011-01-02T04:47:09.211-03:00,Biking Attachment,67.99
af3692a5-3387-48c2-9739-fb69abcc03f9,2013-03-17T20:28:15.392-04:00,Computer Item,127
20805265-2e59-4366-b67e-3a892e448240,2012-01-05T23:58:52.989-03:00,Truck Equipment,20.95
b3148156-7853-4202-a7cc-52992ccaa32e,2020-12-17T16:53:01.374-04:00,Music Apparatus,196.99
678ccfc3-7487-467c-90ee-890bec4671a8,2010-03-10T18:19:31.672-04:00,Computer Equipment,114
a4e4cfc5-3322-454f-b5e8-f252f35b180c,2014-06-18T06:09:45.663-04:00,Camera Machine,156.99
f7079f33-80e6-4159-a15a-2c5d032990cb,2018-12-25T13:47:05.482-03:00,Kitchen Machine,81.95
e061b39d-39d2-4208-9348-6e6df5c98755,2017-01-27T15:06:43.268-03:00,Dining Implement,103.95
48e28729-17de-43a5-8115-24d9e55f57c5,2019-03-19T12:05:55.387-04:00,Aquarium Gizmo,17.99
88bb050b-d928-4289-b1d0-19a9432bd11a,2022-07-03T18:44:46.104-04:00,Furniture Device,136
7267ce81-69da-4ce3-b86a-c3e8d7acceff,2020-12-04T18:57:37.763-04:00,Movie Equipment,94
ebefd02b-79bc-4358-a3b5-1b38031e0647,2012-12-19T03:21:13.476-03:00,Biking Supplies,88.95
91f66dd6-d485-4b82-8acc-496295e6bada,2015-03-17T04:56:19.749-04:00,Vitamin Attachment,118.99
fa2589ea-f639-411b-a1e3-793a0184a072,2010-05-27T06:50:45.588-04:00,Home Improvement Gear,64.95
792423d2-bdc4-4e2b-ab2d-6db828659fed,2012-05-06T11:27:47.668-04:00,Sports Tool,57
e166a0e3-f2ec-4e0c-a7a7-aa1816402ca1,2020-01-07T10:59:18.756-04:00,Tire Thingamajig,175.99
ce77c92e-baaf-4c9b-b137-009cb61573d7,2011-09-01T07:02:05.723-04:00,Skin Care Widget,103
d30ef856-e484-4818-96c3-f3d06319a555,2020-09-10T05:09:23.987-04:00,Engine Thingamajig,25
fea5fdd2-8e81-4235-8552-8ae60232beeb,2010-12-16T01:50:49.981-03:00,Cooking Equipment,183
864594ae-40a6-460e-9c51-4a837299009e,2014-12-27T23:27:46.258-03:00,Mens Machine,137.95
92624795-9090-44a9-99be-bc0ebecaae29,2012-08-31T16:01:06.532-04:00,Party Device,105.99
3fca66c9-1497-4463-bf77-e59190e62785,2016-04-19T02:29:58.736-04:00,Kitchen Doodad,79.95
e728dacd-234d-40e4-b365-42d834a8436e,2013-10-14T07:03:26.378-04:00,Camping Thingamajig,147.95
582109aa-82b4-418e-bf97-24fb407b8735,2012-03-10T19:29:29.915-04:00,Computer Equipment,58.99
c0c53a6f-3de4-4506-8603-bd9b3cc3a3ec,2012-08-02T15:38:17.426-04:00,Kids Doodad,198
d3629f17-2491-47fe-b1e6-cc049d9a00b5,2022-06-20T09:03:43.875-04:00,Phone Implement,134
b312c46a-26bf-43f6-bb5b-3cec053e47ee,2010-03-26T06:26:09.928-04:00,Cleaning Contraption,82.99
669054d1-9a31-4718-a43b-5fc9b4a83a75,2017-05-29T07:23:47.867-04:00,Hair Care Rig,63
cdc982c4-c410-41bb-9d62-31ef5f3fec8f,2021-07-09T00:14:16.993-04:00,Vitamin Contraption,65.99
f41a2177-42fd-488f-a22b-e786dcb023e5,2021-03-11T01:03:32.771-04:00,Home Improvement Doodad,131.95
b63139ab-4789-4b53-8c72-736daa2a5389,2020-08-15T17:26:50.936-04:00,Furniture Implement,111.95
817fa188-a26f-4b13-8d74-0f685155a7ad,2012-07-14T22:12:28.901-04:00,Swimming Thingamajig,186
f3823268-55af-43c0-abfa-86eb3871240f,2016-05-26T13:45:08.135-04:00,Cleaning Mechanism,197
83a3830a-17e5-4e6c-aec8-6a0a62062eea,2010-08-20T12:16:36.824-04:00,Swimming Component,33.99
6aa48370-0070-4e97-b5e7-9c4697e8ce4d,2019-06-20T17:01:21.995-04:00,Baby Apparatus,30
e24b753c-5185-458b-8847-24af8d6ba5e0,2018-12-12T23:23:06.253-03:00,Dog Contraption,161
7db05a76-67b7-46c6-8847-81a0dc28d8f9,2013-11-18T14:14:23.670-03:00,Medicine Instrument,172.99
f5c53a1d-fb0b-473a-b006-f861fd5a2b2c,2010-12-27T23:47:24.787-03:00,Aquarium Machine,11.95
b9bb86f1-eaa2-44c7-b386-e2b5316aab5a,2013-03-11T13:16:24.036-04:00,Personal Widget,66
3b18fd50-b7b2-48c0-8d30-3c8414eec6cc,2015-09-22T04:37:58.251-04:00,Dining Widget,143.99
1734ac67-d390-40e6-aa87-7f68fd431e06,2022-07-14T23:54:11.641-04:00,Cat Rig,100.99
2f12c02e-b3c0-4973-a659-dd6e3e9b3678,2023-03-07T06:23:00.117-04:00,Phone Paraphernalia,81.99
39168045-74b7-4c8b-b66b-0f2e0a2253f8,2022-03-17T08:46:58.227-04:00,Camping Whatchamacallit,120.99
9d156132-a395-4ed6-8cbd-3ceae7ba6b3c,2017-11-05T16:54:05.883-03:00,Makeup Paraphernalia,57.99
b8c7b54c-a056-4363-8171-3dd1e05970da,2019-06-26T04:32:22.451-04:00,Vitamin Apparatus,144.99
9adf4a0b-b311-4ec2-8ea9-7609099b67dd,2015-09-04T02:29:34.836-04:00,First Aid Mechanism,39.95
e0cdfeca-e2c6-4393-bc54-a55c002b465a,2019-12-30T05:09:24.697-04:00,Camera Item,39.95
9ee712bf-0f9a-44db-a998-c60f903a215b,2011-03-13T14:01:52.553-04:00,Womens Thingamajig,22.95
9ce25364-3574-4d60-9d33-39d9b75403a6,2022-02-18T15:18:41.655-04:00,Game Tool,138
7abc30e5-c720-46b4-8054-ad6bc0368425,2015-12-02T23:24:25.154-03:00,Technology Gadget,191
b22a677f-b208-43be-8fa9-f67ad8c98630,2020-01-28T16:07:05.509-04:00,Womens Device,137.99
0235cbb9-58a1-4271-821d-d10a99a72348,2021-01-25T10:00:01.935-04:00,Engine Component,192
133e3e69-85ea-470c-813e-d475d2e636bd,2014-07-14T22:17:50.824-04:00,Nutrition Rig,57
bfc7a487-afca-449b-b32a-9b0183c9c968,2016-03-22T15:03:45.115-04:00,Nutrition Item,71
9ab3e42c-b766-4887-8f05-5119a8195dcf,2021-02-26T08:20:19.685-04:00,Camera Mechanism,181.95
9eef2617-8f50-4993-931e-ee0f49d2f2f8,2022-10-14T17:49:20.395-04:00,Engine Implement,39.95
b5393487-9784-4125-a5a0-0cf22e3f2b7b,2011-10-03T11:18:50.824-04:00,Tire Gizmo,191
f9b39ba5-eb5d-4484-ad70-3e9bfa46d0fb,2022-08-19T12:20:36.850-04:00,Cooking Widget,68
28de7151-a93b-402e-840b-8d566f152d52,2021-05-25T10:23:17.245-04:00,Sports Doodad,188
3ee98ac8-d4e2-4caa-88e1-da0eeb7b4f0b,2012-01-31T22:10:11.166-03:00,Bedding Gear,192.99
09bcc58a-5f0b-4fab-b813-f09213fc929f,2018-10-26T12:33:29.510-04:00,First Aid Kit,23.95
3ea2146a-5b8c-421e-9c77-56a4e3e6a016,2022-01-10T20:51:02.008-04:00,Music Gear,187.95
b7949e8d-7f21-4d70-8e7c-3e9b2d55eb14,2020-04-23T08:14:38.221-04:00,Outdoors Machine,107
5c2370a2-d33b-41ba-8382-68fe08016e3a,2012-05-29T04:18:48.873-04:00,Party Component,100.99
24978131-4a8c-4545-92eb-446a9b5140a8,2023-03-07T06:50:06.193-04:00,Aquarium Paraphernalia,143
896df523-0dae-484d-9469-69721393af05,2010-11-06T04:11:14.488-03:00,Mens Tool,149.99
5f2ca06e-46f6-43c0-be45-5797b0db4e71,2017-06-04T05:56:54.908-04:00,Music Supplies,90.99
8af5f44f-7190-42aa-b6c9-9717f5c1ae9c,2016-06-17T09:17:55.911-04:00,Personal Instrument,147
7bb72ef1-3aa2-4ded-a5d6-7fcc29269d34,2014-05-18T03:37:38.841-04:00,Home Improvement Device,67.99
4aea0251-c351-4ec3-8172-8c8124c08fd5,2023-03-17T23:46:48.342-04:00,Swimming Item,35.99
4ee499e8-f3d0-4624-8581-35c5f3efce7c,2019-11-15T14:49:35.978-04:00,Technology Kit,197.95
d4d4209a-d4fd-4439-a9b0-7c9fe8a9ca11,2022-05-30T23:25:22.781-04:00,Vitamin Gadget,190
17ab0355-9683-4c89-8147-731008bc8a95,2013-05-02T10:28:21.046-04:00,Biking Doodad,38.95
0bdd285b-20d0-4cf3-b904-40f7b6737f87,2017-07-10T07:11:22.014-04:00,Fitness Mechanism,48.95
4f71c54e-adc1-40ba-9341-52f91c9d3f00,2017-01-11T05:01:39.432-03:00,Camera Gizmo,109.99
5456c0a0-411f-4d0b-998b-9a055c03e8c2,2016-07-22T17:22:46.181-04:00,Dining Item,197.95
858e1356-50fb-4970-8d16-2774b20e30f1,2010-02-27T10:01:52.010-04:00,Cleaning Paraphernalia,55.95
5b217ce7-8ea8-4bdb-9d13-e72ad607c60a,2019-12-02T14:59:01.362-04:00,Kitchen Paraphernalia,133
de3ec3df-a517-49c3-882d-647ab2a0f1c7,2018-09-22T06:18:00.992-04:00,Sports Gadget,195
9cc1b17a-8c35-4bfb-8e8e-73b33ec5f23c,2011-11-06T01:43:23.602-03:00,Baby Doodad,34.99
c1427476-c609-4bf3-a6af-5b50b2b0a3b8,2012-08-23T11:38:58.867-04:00,Hair Care Device,43.99
0dfd5b73-2314-4220-ba8f-25dfecbdc40e,2019-05-23T06:07:39.090-04:00,Technology Accessory,118.99
44e90124-f608-4df5-aa29-1b07acf77cda,2013-07-27T12:33:21.065-04:00,Music Apparatus,48.95
9b6957f7-5922-4806-b132-79c4ce838f51,2014-01-23T09:04:38.153-03:00,Camping Component,69.95
40c2a928-4b35-46c0-ab4a-985065cc81cc,2019-09-22T14:14:01.366-04:00,Personal Item,72
b047f28b-e176-43b8-8e05-9ec749875376,2012-06-16T20:54:25.631-04:00,Game Paraphernalia,39.99
1576754a-bafe-40f6-8590-e92c03a39da4,2021-12-02T08:27:48.251-04:00,Aquarium Mechanism,134.95
20ac0a0f-8259-473a-8ec3-08a1196fc42a,2019-09-15T19:23:56.696-04:00,Nutrition Doodad,106.99
c18b42e5-c0b3-46ed-a531-49cbd3db7340,2011-09-27T15:38:03.081-04:00,Book Paraphernalia,191.95
d40ab463-617e-442d-b6d7-1ca0e10c3261,2015-11-06T06:39:07.659-03:00,Biking Accessory,34.99
8bca7d25-77b3-4f0f-ac03-80ee8d938c68,2015-09-21T06:17:36.622-04:00,Party Mechanism,140.99
7c3e9eb2-5d49-4310-becc-e8f56720b14f,2012-08-19T04:53:47.995-04:00,Personal Device,176.99
38bc3eab-2bc5-45fe-a584-22537bd39c17,2012-04-19T10:41:08.511-04:00,Dog Equipment,28
7a72bf56-eef1-46d5-ab28-86e8e757f946,2018-05-13T14:13:57.104-04:00,Aquarium Doodad,40.95
8434f584-d8c5-48b4-9e92-ec6957b50b9a,2015-02-21T08:42:39.022-03:00,Aquarium Equipment,15.95
975340e7-b666-4774-a87d-4da98a61a411,2013-07-20T14:22:26.637-04:00,Skin Care Equipment,165.95
b2902e45-b889-4b7f-8bb1-49aaa63c7d62,2011-03-18T12:39:16.040-04:00,Swimming Device,33
ecc02397-d27d-4125-a006-14473b057a85,2022-09-20T18:01:19.772-04:00,Fitness Thingamajig,102.99
c3d4fad2-2af3-4535-b177-cf1759895469,2011-06-02T17:32:28.225-04:00,Makeup Doodad,78
53d13397-2467-4c75-a188-f97265958305,2022-11-19T07:00:26.208-04:00,Technology Paraphernalia,107.99
99154639-acd1-4846-959c-ccf2352e52dd,2022-05-06T09:32:35.347-04:00,Toy Machine,108.95
ddaaf4a2-1d4d-4ade-9a23-c792428017b4,2016-11-03T21:56:14.511-03:00,Fitness Gizmo,164
2b774716-e365-4a8b-91d5-6d4d86e0d465,2011-03-18T09:14:07.490-04:00,Gardening Gizmo,30
4b8437a7-2836-446f-88db-3b0f2d81949b,2011-09-01T03:17:21.089-04:00,Beach Rig,66.99
cb9ba2a6-f889-46f1-9e30-d56a8c59f2d1,2012-07-21T18:09:34.484-04:00,Mens Component,117
124f1a58-9885-403c-9a0c-8c1a5c47573d,2010-01-31T13:12:38.697-03:00,Engine Thingamajig,93
a8e33a26-8a1b-45d2-911f-e4935b0f8189,2023-03-12T05:03:46.102-04:00,Movie Attachment,182.99
86189a32-f989-48b2-8e44-51cf38543734,2017-08-12T10:10:20.091-04:00,Game Supplies,50.99
6be005c8-e7f5-4c6f-bbfe-7aea8598f2f1,2018-04-14T10:01:19.107-04:00,Cleaning Component,71.99
5c3be1ca-0749-4927-b39d-4017ccd1b6a5,2022-01-31T11:00:24.355-04:00,Baby Doodad,14
c0035947-0ef2-4308-9641-6ce023fb144a,2016-07-02T20:04:41.371-04:00,First Aid Supplies,110.99
f827cbdd-4206-49a3-a4bb-bce8f4f15b04,2019-06-22T11:31:47.287-04:00,Storage Equipment,41.99
a5d6bb49-0716-42cd-9ae0-720b7b2f4330,2012-04-12T00:22:45.851-04:00,Biking Widget,143.99
d9f2ba7b-eaf6-443a-a669-7f704dfa6064,2021-04-01T17:57:54.394-04:00,Mens Paraphernalia,143.99
3b297646-2daa-4273-9bd7-dbe84bad105d,2017-12-13T18:34:50.682-03:00,Gardening Gear,81.99
6ecc7d2e-1dbb-46b8-9b73-7236d2923e8a,2020-10-21T12:37:07.317-04:00,Home Improvement Item,51.99
a03ab8b4-4ef7-4c95-b6c0-3a7aa7b04058,2022-06-24T07:11:59.072-04:00,Car Mechanism,155.99
fc2e0a1d-d9d5-4194-ac03-abe2d818ba03,2019-05-01T16:13:50.974-04:00,Tire Component,92.99
f03babcb-f3b9-44f0-91e3-67af1c439093,2013-01-17T08:41:34.487-03:00,Beach Mechanism,102.99
a161c3f2-6ab5-4f35-8808-121a7728ba68,2015-12-27T13:10:36.865-03:00,Storage Implement,44.99
a61ce408-2571-46f7-9644-861e3261fb2c,2017-09-02T14:16:58.107-04:00,Truck Thingamajig,28.95
4561886b-3644-4090-ac64-d8171e07c764,2011-04-30T06:31:35.494-04:00,Dining Tool,166
7079a134-2c06-4bcd-af59-9b00c4445ebc,2016-11-04T19:08:52.263-03:00,Kitchen Device,58.95
8f9b96ff-980c-4dde-b396-785addca09a4,2022-07-28T21:06:11.184-04:00,Sports Paraphernalia,161.99
98a5da03-384a-49fe-8ce0-bf567f3f24cb,2018-06-21T03:04:26.270-04:00,Swimming Doodad,199.95
2498ebfb-da0e-46c0-844e-e47bb9442989,2020-03-22T09:50:00.666-04:00,Truck Component,43.95
6fa8d806-3147-44f5-83e2-fd78d123a77b,2010-10-02T02:58:10.544-04:00,Aquarium Accessory,16.95
73100057-ebe6-4ee0-9a2e-e793fbeb9b17,2016-02-05T16:04:45.726-03:00,Makeup Implement,175
a9ec2269-1e98-48c6-8ad6-9dc319dc27ba,2018-08-02T19:02:09.893-04:00,Kids Supplies,25
9cadc28a-6393-426f-9014-a4ffff256adb,2016-06-24T11:39:19.899-04:00,Car Item,164.95
69c08ab6-e4d6-4000-8e58-832fcd29b9da,2022-03-17T08:42:53.637-04:00,Phone Equipment,74
d6e2f2ea-dd76-46a0-bbc8-9b1da2602d34,2013-10-31T10:14:48.115-03:00,Cooking Device,146.99
de9028b4-b7cf-453a-948f-64fc4c1d870f,2022-11-11T19:58:59.149-04:00,Outdoors Apparatus,149.95
47817938-5a74-4195-8b50-c6f4a9a5cda8,2010-09-06T00:28:26.092-04:00,Dining Paraphernalia,80.95
ac061cca-6054-4048-b153-b346d9452c73,2016-08-20T04:43:29.687-04:00,Jewelry Accessory,148.95
7b248f73-f3cd-447d-94b0-880a84b20db4,2022-10-25T12:36:38.849-04:00,Home Improvement Accessory,44.95
7e07ec96-3e78-4f53-b8ec-019ef9641447,2010-10-23T08:32:17.183-03:00,Home Improvement Kit,161.99
950ea40d-f81e-4b55-bd36-3028a8c17a03,2016-11-26T03:25:42.883-03:00,Camera Whatchamacallit,23.99
e3bbdf93-6621-404f-9175-17a3a00218d9,2015-03-09T18:23:11.444-04:00,Camera Component,109
b7065f6c-7db9-4982-a9f3-02658b1849be,2014-08-01T15:12:42.186-04:00,Bath Rig,93
54bd23c2-fff3-40d8-9995-fac1139db441,2010-04-19T11:35:42.481-04:00,Technology Rig,52
6480dddd-b032-4aa8-a181-24308d689f3b,2014-06-09T16:48:24.366-04:00,Hair Care Gadget,180.95
10eb65c6-947f-4dbc-b518-fe10d03132d2,2010-11-27T12:03:57.631-03:00,Book Whatchamacallit,150.99
a60361af-edd4-4265-8001-29e12702a419,2017-03-09T10:16:45.372-04:00,Engine Machine,181.99
823beece-b8de-4d77-99ad-6242b9d23d60,2016-04-21T10:46:34.512-04:00,Engine Attachment,132
71f926e4-ee83-4bd8-950c-ecdf2f92d0d0,2012-10-19T10:16:55.004-04:00,Bath Thingamajig,63.99
c6330199-3334-451b-927f-31b7247ab359,2022-04-17T08:28:44.714-04:00,Kids Item,152.99
36a1efd7-8057-45d8-93b7-ce872f7de03c,2015-03-23T16:45:43.730-04:00,Fitness Gear,43.95
413dc648-2ba0-412d-a2a1-52dc23218034,2011-10-28T20:09:33.603-03:00,Kids Supplies,158.99
d2ecc819-4f28-4721-b12f-9bc3729e6d79,2020-02-08T09:18:15.177-04:00,Engine Doodad,149
7ea0dd8d-b71c-4c8d-8a42-fae810ec3b04,2010-05-12T19:14:46.133-04:00,Baby Mechanism,69.99
c8f9da6a-a85a-44d3-bab1-4c977264b9e6,2015-10-17T00:00:59.129-04:00,Tire Gear,61.95
04b7eb31-07ef-47bd-86a2-d5aec94e6992,2022-11-12T12:02:54.012-04:00,Mens Gizmo,10.95
3d168021-afb7-4318-9895-3476d8aaa993,2014-04-27T04:17:44.539-04:00,Car Kit,61.99
b51b53eb-4f33-4bda-b380-f89ac7b49f54,2017-01-24T10:02:12.372-03:00,Game Doodad,68.95
18918fd7-ccfd-4d8c-8cd5-95ee6ecf5cdd,2012-07-15T13:01:01.138-04:00,Makeup Machine,90.95
360b8598-3a61-46cf-a725-702ac8234072,2020-12-06T17:09:11.256-04:00,Toy Apparatus,105.95
d9e04c64-f095-494f-b765-0c2b2a6b7583,2022-05-28T06:51:59.590-04:00,Car Mechanism,109.99
59543fad-e316-4369-a0af-91afafafd561,2014-01-16T12:46:37.282-03:00,Medicine Component,192.95
4377c7f5-5800-49c9-b403-5291d1963d34,2016-10-26T14:38:02.625-03:00,Home Improvement Accessory,28
5d0c6a08-dfe1-48af-afc9-cf1c46eb9a70,2013-11-01T07:16:32.822-03:00,Kids Accessory,122
ae6d1ab8-55d5-4b0e-aa27-2e6d4da60d6e,2019-02-13T17:42:12.597-03:00,Toy Apparatus,174.95
268ae1d0-e2a1-4b37-a3d9-c0daa6cdaeca,2015-01-14T10:32:08.214-03:00,Tire Instrument,84.95
ca0b014b-86e4-4c37-8c89-b9828c0ce944,2012-04-12T13:58:12.810-04:00,Personal Kit,188.99
a44ab7cf-f3c4-4672-a60b-4c8f1cf11672,2019-04-05T16:32:36.599-04:00,Baby Whatchamacallit,111.99
f90ef0e2-cad1-4ce2-87c3-0755cab8c858,2023-01-08T04:10:35.798-04:00,Mens Kit,169
56da1a4b-47f2-49ed-846e-79aa8d52e116,2017-03-23T07:11:21.490-04:00,Mens Instrument,105
1aaec1e5-f492-46f1-af20-9a69c86bfc52,2018-06-21T06:31:39.249-04:00,Game Machine,17
f50dbff6-f9a6-4f45-91a8-78f4d6810f8e,2015-02-10T12:10:49.494-03:00,Baby Device,199.95
bc5582c6-c04a-4083-808c-b0caf4ff93f9,2015-07-25T19:00:22.351-04:00,Game Device,130.95
11adeacb-7b3c-48b6-94bc-bc9229baa554,2014-08-13T20:49:52.477-04:00,Gardening Component,47
df4c8877-317c-4f5b-815c-1800f15a6c7a,2018-05-21T17:42:40.733-04:00,Bedding Implement,88.99
dfa54f0c-6438-471e-a0fd-f074f9dd41fa,2013-05-26T09:40:05.048-04:00,Gardening Paraphernalia,94.99
2e50132e-d601-4754-aed0-83180af6a277,2014-03-16T16:03:51.559-04:00,Truck Component,44.99
712519d0-1ca7-47c4-97fc-aaa3fe50d74b,2014-12-05T02:10:34.681-03:00,Medicine Widget,60.99
132fff9d-4cea-4a5a-994f-f9c7f57e3083,2020-01-14T05:12:38.771-04:00,Sports Item,12
642c5fe2-efb4-4a17-aca2-9c54e98c46d5,2021-05-11T00:21:37.513-04:00,Music Item,94.99
3150b64d-2e70-4f8a-a0fa-c8cdf4463a25,2020-03-01T08:26:13.997-04:00,Party Device,68
e5f4d6ed-19a6-4f9c-9acd-b98e62b8304f,2011-08-23T18:46:04.905-04:00,Cleaning Widget,33
f07d5740-c8c4-49b3-a2e8-93c76879beda,2021-03-07T12:17:42.795-04:00,Cleaning Doodad,158
f3ec4a52-33ab-478f-90fc-cf14acb2e1b5,2010-11-30T09:49:18.306-03:00,Dining Gadget,131.99
909ee8ab-6a28-42b9-8cb8-4062423bc52a,2010-11-12T15:24:57.394-03:00,First Aid Tool,159
962900d4-b3d7-45bf-92b5-8f49ec9a1e97,2022-09-19T06:06:53.412-04:00,Personal Machine,35.95
81321521-6405-4eaa-b49c-ebb04b9faf8f,2012-11-01T06:36:17.285-03:00,Book Gizmo,61.99
c20c8ed6-08d2-454b-b823-cacb515f6c54,2012-11-27T07:17:02.112-03:00,Womens Paraphernalia,199.99
5499c99d-6447-4e16-aec1-4307bc5f38b1,2020-06-09T22:17:41.166-04:00,Book Equipment,123.95
9eeb1ffb-0648-48b6-ace9-207e8162bb5c,2020-06-21T18:36:31.321-04:00,Computer Contraption,140.95
5bd6677d-ef92-4928-aa5d-d2e51d77ccd8,2020-12-13T20:45:42.371-04:00,Mens Widget,143
02074fca-0769-4d27-9ff0-54f203816eb6,2021-07-26T04:00:31.045-04:00,Aquarium Device,30
88583450-8dc1-4735-9931-810edfccade8,2022-03-01T12:37:26.159-04:00,Dining Equipment,69.95
8b6fd099-b27e-43fe-91b3-0b70342d5f73,2012-04-10T01:57:41.468-04:00,Dog Device,123
6a78b632-a0d7-4cdd-9d72-8c63eabcdc63,2019-12-30T00:39:42.181-04:00,Baby Supplies,77.95
3e3aad49-f9fc-4a01-818e-d5881807a331,2013-02-11T23:35:28.054-03:00,Fitness Paraphernalia,117.95
01792f92-c959-4fc2-ab4a-c6a6ed264519,2019-03-18T11:10:56.278-04:00,Gardening Rig,144.99
ac4018ae-0299-40e1-9c2b-343375e154e9,2021-01-17T02:30:12.288-04:00,Dog Mechanism,127.99
a4f3e9d5-2e5e-4123-931d-96139557cf7e,2022-04-18T23:16:21.381-04:00,Skin Care Contraption,25
f5a5f8be-ac8c-457c-9f9b-c9eb448abcd5,2014-05-23T11:50:04.314-04:00,Bath Tool,102
c2ab348d-a4c4-4d29-ab15-ee738e0eea51,2011-01-05T21:02:22.074-03:00,Cooking Thingamajig,121
a37392b2-d2ca-42d7-837e-030fc6cadae2,2011-07-07T03:11:56.556-04:00,Game Gadget,63
9692b23c-2224-4f15-8ac9-681e1456481d,2013-06-29T03:03:47.881-04:00,Aquarium Apparatus,163.95
3f49bb0b-f6ee-4fc3-a03e-da8571f4a19d,2018-02-24T00:56:32.444-04:00,Makeup Equipment,60.99
4553c48e-99f4-4b95-a9f9-8d977d9ad0ca,2018-05-21T01:39:53.757-04:00,Cleaning Tool,50
29588bbb-e81b-4737-85ba-fc130701bfbb,2018-03-27T00:57:23.018-04:00,Kitchen Equipment,55.99
c4c9c340-368e-4ec2-93a7-fd16e60f7b99,2017-08-12T10:46:12.571-04:00,Book Item,141.99
cb2a6879-c9d0-462a-b5f1-67b4602fca8e,2014-12-30T23:29:12.469-03:00,Truck Instrument,52.95
659f0a60-2c4c-42c8-b9c5-f07dab9a754a,2011-12-18T09:07:38.432-03:00,Hair Care Mechanism,112.95
5918e646-446f-4009-95c2-5c70d48bc107,2017-09-01T10:53:01.109-04:00,Sports Device,100.99
80b61b13-52e3-45aa-9858-62761438f027,2011-07-30T18:19:46.488-04:00,Technology Paraphernalia,48.99
ceaec461-7818-4741-b3f2-759a0d70d4b2,2018-02-28T13:54:03.067-04:00,Movie Doodad,177.95
9bfbf131-1b40-4474-a8cd-c096cc29ab0a,2020-09-19T19:06:31.979-04:00,Mens Component,95
a7067d37-fb88-4d34-a555-851fd9c3f41f,2013-01-28T13:59:47.191-03:00,Medicine Doodad,192.99
e4ef10d9-f8dd-4b50-bc6f-ced30fe63368,2017-07-18T10:08:10.282-04:00,Movie Kit,60.95
ca5595e6-02a7-4648-9f61-f8c36e3eea0d,2018-12-09T18:05:03.693-03:00,Medicine Paraphernalia,11.99
2af4d241-90e4-42ee-9735-0993d4780474,2019-11-06T03:07:53.816-04:00,Car Supplies,37
2e95e947-b90a-4c24-8359-835951e9ee15,2010-01-10T05:16:09.730-03:00,Skin Care Instrument,88.99
9d16650d-60dc-4e4b-8291-09646fd04b26,2012-12-28T07:55:15.413-03:00,Vitamin Equipment,59
74996253-3ab3-4b93-b89b-7f27ada90156,2011-02-27T03:47:23.553-04:00,Cat Equipment,24.95
6b399729-d75a-4619-97a4-82cb14eb9257,2017-12-28T03:53:14.084-03:00,Baby Apparatus,99.99
10717a87-743a-40f5-8095-0054930d07d7,2010-06-02T14:10:02.845-04:00,Music Thingamajig,82
0e16e010-a247-4d55-9175-0ce938ac536d,2010-02-09T21:28:01.631-03:00,Cleaning Kit,154
1f7953cd-351c-43a9-878c-8bacd23f4479,2015-08-02T09:51:08.923-04:00,Jewelry Equipment,110.95
02d083d0-4edd-433a-8371-91c616bbeefc,2011-04-14T22:42:27.582-04:00,Gardening Tool,146.99
d3e26de8-4977-4311-9cb1-5bd2c031a514,2013-01-19T08:08:21.321-03:00,Car Thingamajig,63.99
86ab1a9d-34e0-40ac-a93f-e996f1a7272e,2017-12-07T17:49:55.253-03:00,Cleaning Thingamajig,129.99
36c9055c-2a35-4569-b491-f9d7854faff0,2013-03-24T04:42:28.608-04:00,Engine Kit,183.95
c339d61f-f7f2-40f9-a391-e78a44265928,2012-03-07T14:31:11.718-04:00,Toy Instrument,121.95
e6cf49a9-ba27-4289-8090-8d2995e8757c,2012-02-03T15:10:47.428-03:00,Toy Mechanism,169.95
d9d33e59-93d6-4c75-ae81-fcc831fb8b8d,2018-09-19T14:41:59.290-04:00,Tire Gizmo,123.95
63550f70-a6ba-44fa-9a38-01daedcc2a60,2023-01-31T03:48:50.585-04:00,Storage Gizmo,179.95
782e8f8a-6a30-423b-ac22-42b2f798d95e,2022-03-14T13:51:44.176-04:00,Cooking Rig,130.99
1add6610-7ffa-447b-a1e6-1abee0e0abbc,2018-08-17T02:09:47.548-04:00,Vitamin Equipment,109.95
80a50536-d704-4836-82fc-2b814b477c8d,2017-08-18T10:20:44.467-04:00,Game Implement,157.99
174edfa2-b1f5-4830-adba-792f809387c7,2012-06-26T00:04:52.208-04:00,Swimming Machine,159.99
24fabf4e-2984-454c-8367-1fa0cdab02ab,2016-02-18T11:50:43.327-03:00,Gardening Item,182.99
12181740-d74a-4f7f-b41b-e2b272aa743c,2013-11-23T22:45:04.561-03:00,Medicine Contraption,51
dcaf1473-b47d-489d-b564-dceb8b194324,2012-05-12T15:51:17.653-04:00,Cooking Device,128.99
1924febd-a312-4abd-bc7c-7b30ccc891fb,2016-09-12T22:58:18.631-04:00,Kids Gizmo,154
445a6ba6-c447-43e4-a96f-02e8e9a7a5b0,2013-03-03T01:41:43.463-04:00,Jewelry Contraption,158
9479d41b-0252-41fc-a4b5-f727c3743c96,2010-11-15T00:51:54.965-03:00,Baby Supplies,95.99
c8e934a6-52a1-4080-a8f5-b36a501c0402,2017-02-26T06:29:58.669-04:00,First Aid Item,160.95
f50372c8-5db8-4d1c-9bfa-382500fa78e6,2022-03-04T05:35:45.779-04:00,Camping Rig,181
da266bf2-8e8b-4806-8705-c09a143c73ba,2023-03-26T04:22:59.325-04:00,Outdoors Kit,30.99
076a80a9-7496-4c06-a9cb-374831491037,2011-10-23T16:57:31.700-03:00,Music Mechanism,175
efb47233-499e-48eb-b0ea-667f0d83a025,2012-05-29T14:01:23.855-04:00,Truck Widget,191.99
7d309923-dbe1-4dc9-83f0-030a61e5563e,2019-12-15T02:28:58.090-04:00,Camera Apparatus,155.95
b63c031c-75fa-4e82-84ae-82860ab74a84,2022-05-13T02:22:53.659-04:00,Storage Supplies,137.99
b4729ff4-a4fb-4c71-a801-f2901d000287,2018-05-05T15:34:06.554-04:00,Mens Kit,183.95
ed20fb77-33c4-4594-a838-9920fe8fb32d,2017-07-29T12:51:07.564-04:00,Dining Gear,91.99
3518e624-6599-4e9c-8148-ad9db4806883,2019-10-01T16:52:01.190-04:00,Makeup Gizmo,188.99
a56558b5-af48-4e75-8fe1-c1f44e1def5f,2012-04-02T09:48:53.193-04:00,Dog Machine,61.95
bf069259-1507-4609-8566-11600dc161bd,2022-06-01T15:53:18.565-04:00,Toy Supplies,89
88c16f12-0ae4-4499-879b-5edc387886f5,2017-08-05T11:54:38.312-04:00,Technology Mechanism,106.99
6bf350ea-4343-46fe-97c8-91752551aacd,2014-12-03T17:57:53.673-03:00,Cleaning Gizmo,125.99
4033af04-5f58-40c9-b589-8f23ca2688e9,2017-05-18T12:42:21.061-04:00,Hair Care Component,164
60e3bea9-5836-4492-903a-5db3f12e421e,2020-07-06T09:54:20.157-04:00,Music Doodad,31.95
ef73ecf7-9d99-4e3c-81ab-e7044c0040e5,2013-10-14T15:42:14.961-04:00,Swimming Doodad,15.99
0fd3937d-58b1-42b0-a3bf-57ad7fb19eba,2020-12-15T09:53:43.681-04:00,Truck Whatchamacallit,48.99
571f87d9-4219-45a1-a45b-18df2f8a9497,2012-12-30T13:42:47.431-03:00,Cat Equipment,106.99
b50bede7-5302-4d13-9740-269c34b1e098,2013-04-04T21:35:28.441-04:00,Movie Implement,69.95
1e4ea08a-cf48-433a-8b4b-bc13ca81a7f1,2017-10-31T09:57:24.952-03:00,Phone Gizmo,28
99d88f40-d84d-40db-a09a-aa21433a452a,2021-08-28T03:06:49.864-04:00,Furniture Accessory,30
124f7eba-96eb-4f32-ad79-e04812c4642d,2015-10-19T03:28:28.616-03:00,Camera Apparatus,41.95
2ea415e7-7b7d-48eb-9e0d-231924e984c8,2018-04-10T14:49:21.252-04:00,Vitamin Attachment,176
19a28250-76e7-411c-9ea8-33836a005f51,2015-04-13T00:50:24.927-04:00,Aquarium Apparatus,94
b7d4cb12-c8fa-4036-afa1-8cee2308d8b7,2011-12-04T08:04:49.588-03:00,Cooking Gear,166.95
eba7ba3b-f0ba-43da-8a8f-d4d691884d41,2014-02-07T03:40:28.466-03:00,Computer Instrument,87.99
1425cdc5-3758-4535-93ef-08c20e247c6e,2012-10-25T10:26:59.096-03:00,Book Gear,64.99
b7423822-6a08-40f2-8086-6ebf514f0cdd,2012-06-22T22:56:13.627-04:00,Medicine Equipment,165
f99ae937-81c4-4acb-b1a2-5c9c3aaa17f5,2016-02-24T04:05:17.932-04:00,Vitamin Accessory,123.99
fb11f3cf-d2c5-47c9-bd56-229cb21fe88c,2020-11-23T19:45:54.479-04:00,Computer Mechanism,14.99
402210fa-d49f-45c7-8f8b-3fda984cb1db,2010-03-02T10:12:27.394-04:00,Gardening Attachment,196.95
ecfb128a-2b6a-4c3e-9bcc-c1709f9b8871,2013-04-18T21:14:27.122-04:00,Fitness Rig,58.95
f274a52e-2f95-4da0-abc2-77c0b15e25de,2012-10-23T04:36:33.987-03:00,Movie Kit,51.99
f485090d-b5b0-4b3a-bdbf-0cd0b69fdca3,2010-02-03T18:23:47.367-03:00,Makeup Gadget,136.95
b0364641-868d-464c-a348-0d5f890f7479,2016-10-14T08:37:11.424-04:00,Skin Care Doodad,107.99
64c3a24e-53a6-453a-93a9-dcfbd63e188f,2016-05-07T10:49:08.125-04:00,Tire Doodad,137.95
e152d749-50c9-402b-9201-5def210dbfdd,2020-07-29T06:28:17.654-04:00,Computer Device,46
3b4c8827-0190-4352-bc85-25322565ec0c,2015-10-18T07:52:24.474-03:00,Toy Mechanism,155.95
6f46e45b-5949-4749-abf6-ede4a020b13c,2022-04-10T16:03:34.812-04:00,Car Doodad,23
a1390f6b-abe4-412d-a05a-925c1bc01340,2022-08-20T09:19:28.293-04:00,Technology Gizmo,130
12102297-6a6a-4d2d-9f13-c3ba61bb32bc,2016-05-19T20:22:32.114-04:00,Medicine Rig,77
d7b7bd8f-efd7-4e25-a665-e4bd6975f87c,2018-02-10T11:14:34.949-03:00,Baby Item,35.95
2c93b0cd-4fd7-4f95-b33c-3f8a70dbf16d,2015-01-14T07:43:03.805-03:00,Party Tool,150.95
8735474d-5d81-40cd-8ec0-36220bfd5bda,2023-04-08T22:09:38.348-04:00,Phone Attachment,42
ee145cb8-509a-44dc-a100-740e78a63121,2021-01-27T16:48:29.418-04:00,Dog Gizmo,30
40bb66a0-5bf5-40dc-9e37-5d663093f6e8,2013-06-20T17:52:57.578-04:00,Aquarium Doodad,46.95
dfd00d92-bac3-4b2c-bf42-bc925da0fbe9,2021-09-13T03:29:59.223-04:00,Outdoors Gizmo,18.95
8489eec2-107d-4614-8b7c-cc1402180da3,2022-11-02T14:07:38.572-04:00,Car Contraption,192.95
75ac8442-ce88-486b-81a5-54e4d0d9e97d,2020-12-03T18:02:00.976-04:00,Aquarium Component,190.95
52cd971e-49bc-4c7e-b137-f16ae9f3ffa6,2013-08-07T11:32:52.520-04:00,Mens Gizmo,51.95
6abce00f-8c57-41d0-a4cb-eb4e1d0be0d7,2013-03-18T20:46:09.925-04:00,Dining Gizmo,123.99
17207dab-8ea4-4ce1-b691-a1bb5c20f46c,2023-01-26T10:18:19.894-04:00,Makeup Apparatus,177.95
9dccd016-9b1f-4855-a7bc-9f4c3aeb3148,2015-05-05T13:02:25.332-04:00,Car Equipment,61.95
c5e9dc48-ddc1-4094-ad44-89f57f656cd2,2021-04-07T13:09:53.712-04:00,Swimming Implement,85.99
0a98c8fb-722e-429a-ad10-6d608f3a6309,2016-08-27T18:55:24.220-04:00,Game Thingamajig,198.95
11592175-5e10-45f6-a8f9-411faa63ce62,2018-08-08T01:21:07.168-04:00,Home Improvement Component,162.95
d418f687-f0bd-413d-9e24-055cb4679a4b,2021-07-11T11:16:19.078-04:00,Bedding Widget,194.99
a2b25d83-de3c-42b0-a34f-47e0d25db651,2013-10-07T02:25:44.250-04:00,First Aid Equipment,170
06003098-a292-4914-b1ef-1bc0b8d547b4,2011-04-26T04:17:52.264-04:00,Party Tool,101.99
99e95884-d21a-431e-99b0-e9b3801ca79e,2018-12-31T21:23:57.270-03:00,Storage Implement,26
528a7c65-0070-4570-904d-f6fc7bb5a721,2017-06-19T03:14:50.004-04:00,Outdoors Rig,188.95
adf1d9eb-8d31-4d5d-ad99-50c6bdf97af5,2013-09-12T08:57:28.502-04:00,Vitamin Kit,120
0e4e478c-3391-45af-9358-8177ec37ff92,2011-03-26T10:57:05.949-04:00,Movie Device,124.95
6abf8cb7-fec4-4fc5-9939-8486ee08542a,2021-08-04T08:29:02.471-04:00,Vitamin Widget,172.99
11b5f998-c463-442d-b459-5ad91314e434,2022-10-22T22:38:27.176-04:00,First Aid Gear,68
980605d1-0cbd-442e-934a-8535c85188ad,2015-11-11T01:12:21.122-03:00,Movie Accessory,72
478e2132-3ad4-435f-b92e-cc6806db6520,2013-03-27T16:30:35.063-04:00,Jewelry Instrument,87.99
d844dd06-9ae6-406f-8131-7564db79218d,2019-06-22T11:11:35.733-04:00,Cleaning Thingamajig,138.99
4711284f-c9ee-49e1-875a-df791ca252cf,2013-08-05T14:02:58.195-04:00,Kids Whatchamacallit,188
5868baa7-41b5-42f7-be68-0b8c1339fb0b,2020-05-29T09:24:14.195-04:00,Hair Care Accessory,180.95
59760d21-e4fb-4015-a460-53e15f67568d,2011-07-02T13:26:12.398-04:00,Camera Accessory,168.99
bdb8b004-36cf-42bd-8190-1e3c2060da2c,2018-08-08T21:16:07.639-04:00,Personal Apparatus,180.99
1bf07612-7450-45a5-bba2-906ec63ccd06,2012-08-06T22:02:38.747-04:00,Engine Equipment,191.95
22901560-2ed4-4e4e-86d8-f10f6a870d4f,2015-05-31T22:22:25.457-04:00,Cleaning Equipment,125.95
25b87d80-9704-46b8-9012-1584c285e1b9,2018-02-10T23:31:48.730-03:00,First Aid Gizmo,73.95
d70992e2-1186-4d4d-b92d-f5a9c2b1e090,2011-05-06T01:16:52.635-04:00,Swimming Gizmo,52.95
6fc1c813-65b3-4db1-93cc-7cd609742d92,2020-12-12T23:09:32.899-04:00,Kitchen Item,87
7215a60e-011a-418a-abee-5f7f551a5f55,2016-06-23T04:46:59.908-04:00,Baby Item,16.95
307a7651-0fd5-4874-8f56-5edd9df7f49b,2019-02-28T09:09:21.719-04:00,Skin Care Whatchamacallit,66.95
625a17b6-c4c6-477f-9572-5f0630e4cb08,2020-12-17T02:20:38.492-04:00,Storage Item,160.99
18f56117-fe1f-4ff5-91be-fd3e76aea3fa,2022-05-06T20:54:47.416-04:00,Aquarium Tool,22
2bfe8bd2-37de-407c-a8f3-251486c0d688,2018-12-16T02:43:44.645-03:00,Gardening Doodad,168
562a662f-d462-4cc5-9cc4-018f5eacf352,2020-01-30T23:44:47.968-04:00,Nutrition Kit,170
8f68cb28-0114-4ec2-82d5-ba54ff570c10,2019-12-16T04:30:44.247-04:00,Music Widget,178.99
d9427712-8153-417e-a45c-be251457e07e,2020-07-29T02:31:10.253-04:00,Medicine Whatchamacallit,30.99
7b96c3e5-9767-4724-8bc3-8c59592bead2,2011-12-26T01:02:27.505-03:00,Biking Component,32.95
d7cecf53-50e2-4971-81d0-84d52f999598,2017-03-04T21:35:45.469-04:00,Womens Widget,127.95
ca906f84-9d1a-4873-88b0-9c8f79085d21,2017-08-20T23:47:46.489-04:00,Medicine Doodad,148.99
6e559214-4dcb-4bf8-8e45-ec7369ddae13,2011-05-02T01:46:49.662-04:00,Hair Care Item,101.99
ef85c40c-f594-4ad0-83f5-3162f252aeb7,2022-05-02T16:14:20.462-04:00,Swimming Mechanism,163.99
871b0eb7-705a-4131-ba3d-5d75b6503819,2017-02-02T20:58:44.860-03:00,Camera Supplies,144.95
3d391cea-996d-4bf7-b3c4-5b1574885efa,2019-11-28T16:35:49.499-04:00,Womens Instrument,64.95
328df03d-9438-40df-8af7-934d4cc52091,2020-07-24T10:14:27.169-04:00,Book Equipment,23.95
424d450b-5d9d-4a0d-895f-ce379fe241ad,2014-09-11T11:06:01.105-04:00,Sports Contraption,157
c6adac54-35e6-4d21-bb19-64d1270104c2,2012-04-12T12:02:37.771-04:00,Mens Attachment,170
27c0e869-5292-48fc-aac6-f04570435738,2015-12-06T12:19:41.854-03:00,Jewelry Rig,53.95
280cca57-5115-4ee7-afcf-8311b7113892,2012-07-19T06:25:31.814-04:00,First Aid Whatchamacallit,18
33a80999-e4d0-4644-b725-285e0aa55664,2021-10-11T21:08:24.436-04:00,Toy Widget,62
733ad80c-cc5d-4634-a4e2-e5f3745e74fd,2015-03-02T18:57:19.904-04:00,Jewelry Whatchamacallit,197.95
1322eba2-bedf-4a4a-bf0c-01bf5a69ba39,2018-08-09T09:12:09.903-04:00,Cleaning Gadget,155.95
d3498892-28e2-4993-8101-c260768b203b,2013-11-18T14:17:06.073-03:00,Tire Thingamajig,159.95
d20b59ef-503d-4cf4-af63-1c363ea58609,2022-06-30T06:17:15.976-04:00,Hair Care Attachment,24.95
c14c8819-dde9-4844-acac-2a1db2754fd5,2021-05-07T20:23:44.723-04:00,Book Device,151.99
dcd775c7-5f0c-4fd5-9d34-834d7ef7025f,2016-03-02T15:27:19.039-04:00,Biking Widget,171.99
a2b4d882-c432-41e9-a1bd-59faae85d9fa,2012-08-05T11:39:25.270-04:00,First Aid Paraphernalia,135
7ca363f2-1003-47a2-bb55-7ca65a1a419a,2022-04-29T10:25:31.459-04:00,Womens Kit,133
e3a98169-9ae1-4af9-b145-25d68c1a858d,2022-04-03T14:38:40.949-04:00,Baby Machine,46
357924c8-5915-4870-ba98-07bac70f0d78,2011-01-30T08:09:35.723-03:00,Gardening Component,75.99
2ff24ea1-e5b6-49a5-865b-fd747c091c06,2013-10-22T12:16:59.149-03:00,Bath Implement,88
f823ba4d-fd91-4bd1-8c39-e3943572616d,2020-08-06T12:35:09.053-04:00,Makeup Supplies,184.95
6ed8c1ee-f30e-4316-bf9a-74b127e9eb7b,2021-07-17T01:44:06.463-04:00,Personal Paraphernalia,32.99
f90a6d1a-752a-434a-976a-75c8373c148f,2022-04-14T00:14:41.987-04:00,Car Machine,145.99
78b16193-8bb6-4bec-b7e2-c6ae7e6da2c5,2020-05-17T02:41:51.774-04:00,Movie Whatchamacallit,12
dc665d7e-13d7-4a97-b046-cb6fff60599a,2012-09-03T18:42:34.001-04:00,Vitamin Implement,18.95
a72d3fc9-1407-4473-9b97-ff718f32d944,2016-03-12T08:52:42.482-04:00,Storage Tool,47.95
18e6b63b-c0f3-4816-83b1-1c6544530d0a,2018-11-12T23:49:58.806-03:00,Skin Care Device,137.95
0ca70c57-1c3d-4a82-b207-1288e571302c,2011-07-29T13:40:40.910-04:00,Beach Instrument,198.99
d0ddcd7d-8f14-4386-904f-e5f2234560e5,2010-09-09T10:47:24.120-04:00,Outdoors Contraption,28
ad1b7db6-38eb-43be-9bc3-2e9c10b906b4,2022-10-04T04:04:42.094-04:00,Womens Kit,144
d7b209df-d992-44c2-9978-73e3170bf61b,2019-08-09T16:42:22.053-04:00,Sports Gadget,30
baeb384f-d44b-419c-b94e-7faf612f3a6d,2019-06-27T13:36:12.378-04:00,Party Instrument,98.99
2c22cd28-f96d-401d-81b7-6bb52749228a,2011-08-01T04:05:51.148-04:00,Jewelry Instrument,120.99
f48b59bf-b62d-4ec5-a75f-fd5ee89c68c4,2010-04-25T20:15:10.188-04:00,Phone Doodad,82.95
348eabf9-386c-4d96-83d0-29d3ab44b77b,2023-04-10T04:51:11.668-04:00,Baby Instrument,125
0461c25f-649d-4cc8-8766-f3aac96dbc91,2012-02-10T06:53:11.679-03:00,Beach Equipment,98.95
ce6af25c-f460-4a65-83a5-e5370fb8dba8,2010-12-16T09:29:44.921-03:00,Bath Rig,29.95
810064fa-e851-4d25-b84f-d07a9d70911d,2014-06-13T04:23:44.271-04:00,Hair Care Contraption,190.99
9d3d7312-47d0-4863-b6f3-faf71b5414a8,2023-01-08T16:35:43.023-04:00,First Aid Contraption,17
42e6e18e-34d0-4357-83a7-cbf0e74a5781,2011-07-14T01:36:41.448-04:00,Biking Instrument,14.99
d1c35994-09e9-4acc-a2c3-903fed4184e1,2019-10-22T21:45:07.887-04:00,Home Improvement Instrument,77.99
7ef84ba5-6f4e-42da-ac93-446b0305ff98,2011-09-14T02:56:02.097-04:00,Nutrition Apparatus,129
47a05a0d-d0a3-44a6-b96d-54d0029c144d,2017-02-15T10:08:35.510-03:00,Beach Gizmo,148
37f970fe-61d2-46f0-9bcf-07070e3008df,2012-08-14T05:11:18.108-04:00,Engine Contraption,129
15264e6b-b421-478a-a530-1a21d9f892cf,2017-04-25T05:18:53.297-04:00,Baby Item,193.99
b45e16d5-d796-4bff-b136-aa538d44e5b0,2020-01-04T13:28:16.206-04:00,Womens Instrument,18.99
828f20c4-653d-47b6-ba1f-e2091523606b,2016-04-14T17:20:44.652-04:00,Cat Device,186.95
81341490-ae0d-4eb1-984d-2966f02c7c21,2015-06-15T12:05:24.895-04:00,Makeup Contraption,13
740bd69f-f878-4ea3-a1ca-b88e5e1495f3,2013-08-19T10:42:46.933-04:00,Sports Kit,92.99
2d74646f-b65c-4545-9be4-c1ce11952cb4,2018-03-11T15:31:01.032-04:00,Swimming Machine,77.95
1a7ccb7e-d627-457b-a9ba-55098a6fb44b,2017-04-13T17:14:48.357-04:00,First Aid Doodad,137.99
ee69c87f-e8e4-440b-be41-69dd02cb8ae6,2013-06-04T18:56:19.631-04:00,Camping Machine,10
36ef329b-1981-43d3-af25-d2f796656f22,2012-06-26T18:07:19.452-04:00,Vitamin Rig,141.95
2e3f86f6-6f26-4b23-ae05-864dca222ca6,2013-06-15T18:33:19.347-04:00,Hair Care Paraphernalia,190.95
ce2f39f6-7991-4873-ad26-7ce4750c3e1f,2014-06-08T21:57:21.176-04:00,Phone Contraption,120.95
ab965116-d241-4e14-9170-be17e1a22d1e,2011-02-25T18:04:13.396-04:00,Skin Care Whatchamacallit,199
dc9eef74-3a33-4804-9b36-14292331e480,2019-05-14T07:12:25.195-04:00,Mens Gizmo,39.99
067bd20e-9219-426b-b58b-2de3d2e98be5,2018-06-12T00:16:22.219-04:00,First Aid Mechanism,91.99
95bd22f9-a7be-47b2-a4fa-f550d772e619,2023-02-21T21:24:09.901-04:00,Computer Gizmo,32
769491ff-3771-4ab9-a728-67c8ce242764,2016-08-09T15:00:58.889-04:00,Kitchen Attachment,60.95
07a5cfa2-d724-4575-9f60-f91652cbe45c,2013-01-13T13:48:33.344-03:00,Biking Supplies,52
dfbed256-5954-49be-9f58-ac516efec958,2011-03-27T15:17:55.861-04:00,Cat Mechanism,169.99
7218fbc9-843c-44d8-b3d2-0d2de4ff14df,2023-01-03T20:55:24.420-04:00,Dining Thingamajig,184.95
d738c375-d585-48d3-82fe-403fc5a8fad7,2010-02-07T15:29:08.362-03:00,Kids Apparatus,158
fc801ca1-0680-4219-b13f-8f0027ef585c,2016-05-09T04:19:31.734-04:00,Dining Widget,168.95
a038deca-617a-4489-937e-bfa3a4e99025,2021-01-22T10:24:53.096-04:00,Engine Tool,183
55fd7589-90ab-4d72-8915-e055f3df47c1,2012-06-05T08:18:22.375-04:00,Makeup Supplies,164
6d15af64-76d5-4319-9a08-e06dcb61f7b4,2017-11-16T02:47:24.254-03:00,Engine Device,23.99
ee5e3797-9548-450b-a68c-d1c62efc3880,2012-08-28T05:44:48.392-04:00,Technology Attachment,156.95
fd8c6ec4-f643-47a9-8081-c1b62b1acd72,2015-07-22T04:29:15.419-04:00,Dining Machine,30
48846bb0-d877-4d51-8e76-c188e0d98d48,2012-05-15T04:13:28.205-04:00,Cat Tool,20.95
4dc01455-7bee-4d51-96d9-99acead81c8b,2018-03-20T03:36:46.210-04:00,Movie Attachment,87.95
6805ac5e-c020-4b75-82ba-a9fb4d6c9067,2013-09-07T05:36:53.018-04:00,Outdoors Mechanism,109
f23c515a-87d4-4626-811f-40f6a41a77a9,2022-08-19T16:39:12.292-04:00,Furniture Doodad,115.99
4cad02dd-77a7-4c21-acbc-708c9e3a3a48,2016-04-29T17:43:34.741-04:00,Furniture Gizmo,36.95
66b7a4f1-1481-45e3-b407-19d8e9784e08,2014-08-21T16:35:50.665-04:00,Sports Apparatus,180
80f11ad5-a884-4aa9-a4fd-4d06b635f048,2015-08-22T11:10:52.679-04:00,Car Apparatus,133.99
91d7da20-86d4-4b1e-b4a9-25c8350b05ca,2022-04-29T07:42:46.463-04:00,Skin Care Kit,66
47aa3db8-1f23-4ff4-81ec-e5e7d13688c5,2018-12-18T11:36:03.170-03:00,Movie Doodad,187.99
9bb28dc5-5381-45b5-aee0-8b94bf9141b8,2018-08-05T19:17:50.221-04:00,Computer Item,43.95
4d048399-3428-419b-bfbc-ad80c5351ff9,2022-02-19T04:51:13.243-04:00,Toy Device,161
6aaa075e-01f8-4f32-bf6b-29573631d51c,2012-12-31T01:17:00.524-03:00,Swimming Kit,87
b769daed-1ea0-49d4-8188-8341b4ed3769,2013-10-06T15:00:26.343-04:00,First Aid Gear,93.99
c51c71eb-bb81-46d5-b521-e96d4fbe0878,2010-07-12T11:04:01.670-04:00,Vitamin Gear,83.99
eef9e653-741d-497f-998f-3458d32afb2d,2020-04-19T13:43:57.311-04:00,Dog Rig,53.95
e81e6e6b-d38b-4023-a9d2-088f3cb246f6,2021-10-30T18:48:39.272-04:00,Womens Attachment,132.95
493ad0fa-7d41-41b3-932a-3cb791e7413b,2011-11-10T10:05:43.759-03:00,Biking Gadget,133
6af9324e-2dfc-4b6d-9a38-b6bee5b35dcd,2019-04-18T20:20:32.650-04:00,Biking Widget,68
07d16000-d564-4847-8802-5cc3fe93d4c0,2022-12-12T17:38:59.642-04:00,Medicine Instrument,11
9145d4e2-ca29-4e24-839e-d5d152713128,2021-08-22T19:32:41.443-04:00,Game Implement,49.99
49f45e2f-57e5-456e-82a6-6e893867dc21,2013-09-24T11:20:56.349-04:00,Cooking Component,197
3d1ea999-b641-4294-bd94-3423c91ea897,2023-02-09T06:48:49.934-04:00,Bath Apparatus,172
67b7a9e8-5b53-4b25-9296-8e7464f8ffb1,2014-10-18T23:13:33.801-04:00,Kids Gear,14.95
8a66d060-7641-4955-8171-b4cf3f2acb21,2014-07-17T02:40:38.755-04:00,Music Machine,145
0e6a741e-e1d7-448d-9768-683ec6dbd0bf,2018-12-27T15:28:35.895-03:00,Phone Machine,108
4906ff46-9772-4468-8711-6c6dd4c3d2f7,2017-06-08T02:15:25.773-04:00,Cat Kit,42.95
10fb4adc-eb15-4f45-8344-1897d97fbde2,2014-12-13T23:35:07.016-03:00,Car Whatchamacallit,152.95
b3a43d41-65ad-4c1e-b2ff-5e2ebac03982,2014-11-05T11:30:34.819-03:00,Music Contraption,77.99
5a385a4e-7f34-4315-9d37-3d4487379198,2012-12-04T23:16:06.514-03:00,Computer Device,34.99
ad7b42ef-b24e-458c-b051-f29991168565,2019-04-12T10:38:51.911-04:00,Camping Whatchamacallit,23.95
943a5d3e-48b0-4a97-9fe1-356c5296d525,2014-09-25T19:15:27.348-04:00,Furniture Gear,173.95
70defe3a-9ce6-4898-99cb-723376667f30,2015-02-13T00:58:37.884-03:00,Cooking Item,100
fc444cdf-f00a-43ce-a4a2-45883e1bdd23,2020-11-05T15:08:37.124-04:00,Sports Supplies,25.95
4355cc9c-2922-489c-bf56-9e951b39d09b,2021-12-27T02:17:07.532-04:00,Home Improvement Rig,145.99
36727ec5-9822-45f3-8240-8a917a1da423,2015-06-01T22:19:17.005-04:00,Cooking Gizmo,157
d87bad72-c46c-4c59-8a47-4f29c8a28bd0,2020-06-13T08:11:57.059-04:00,Gardening Attachment,94.99
fbaf8bc1-2283-42b8-800d-f5c23016d117,2010-05-23T13:44:49.594-04:00,Camera Equipment,195.95
d7aebad6-5e11-44aa-8487-a6be4a14ac0b,2017-04-02T19:59:56.840-04:00,Kitchen Item,97.99
411ad1c2-4bc5-4443-bec5-9dac3f35b468,2017-12-25T05:04:44.125-03:00,Movie Attachment,37
2518147b-6678-4d8b-9277-95be8220df4e,2012-12-13T09:01:45.061-03:00,Vitamin Widget,46
fd075298-eebf-4d35-bd14-f18335d65edc,2016-02-17T07:46:22.848-03:00,Womens Kit,118.99
fb3ecc2e-9f84-4750-9ccf-53e545148a97,2022-04-26T03:01:37.270-04:00,Cooking Thingamajig,82.99
f707e656-f661-4ba1-9101-534b5de74f96,2020-02-22T01:03:46.921-04:00,Bedding Gear,145.99
456fe17d-0467-413e-b38f-fa2fed9f7a38,2012-12-11T12:11:32.338-03:00,Makeup Machine,83.99
496081dd-922a-45c3-9dd6-3beb83298060,2020-08-13T17:22:57.795-04:00,Cat Paraphernalia,37.95
4329c133-eb88-45d9-82d4-9d67c7b5dd1d,2023-02-08T10:56:35.660-04:00,Furniture Supplies,12.95
3810ef6d-751a-4891-b9fa-0c90745bb9d1,2010-06-12T03:59:31.262-04:00,Movie Supplies,171.95
9b690966-4784-4a83-a985-c0d4e677291f,2019-10-09T17:06:22.615-04:00,Bath Supplies,61.95
d493c812-c8a5-4a3a-ad53-85741dff6a89,2011-06-04T23:11:48.375-04:00,Phone Gadget,99
4ab14317-87ba-4910-a6cc-ea0e6264649c,2018-11-28T23:40:39.186-03:00,Tire Rig,30.95
3eec30f8-ca91-4f81-898e-03537549574f,2020-04-16T17:33:08.378-04:00,Furniture Supplies,124
f0e5bf7c-9665-4ab7-944c-15f6acd993f7,2014-10-18T11:43:19.737-04:00,Fitness Accessory,28
90a391e0-d7b4-4c82-bac8-152bff244567,2019-11-22T14:51:58.737-04:00,Movie Whatchamacallit,188
bc038778-9709-4bb0-9657-7cf203ef24cb,2016-02-13T04:20:16.801-03:00,Beach Machine,62
300a888d-2536-4fc0-a443-29bc5456238a,2012-01-05T13:06:54.306-03:00,Cat Rig,44
3d3e345d-c60b-43af-be5a-1e2eca118d99,2017-03-20T11:06:56.669-04:00,First Aid Gear,87.95
6afb8225-21ea-4fa8-aecd-14d3897cb70e,2019-09-18T16:20:43.386-04:00,Computer Supplies,139.95
4a287523-8067-4288-85af-225055486029,2016-10-27T17:44:52.449-03:00,Sports Mechanism,95.99
99aef3e6-94c4-4a8d-b3ea-d0b266bfcbc6,2013-09-20T12:15:28.573-04:00,Cleaning Machine,155
6da6d3ab-26e7-474c-97ba-0cab3a54c735,2012-08-28T02:25:59.906-04:00,Hair Care Thingamajig,129
a66ef1b5-92b0-4ce1-a38c-46bdecb62b53,2016-06-30T01:34:28.882-04:00,Cooking Supplies,51.99
8c73ab3f-86b7-45dc-ad4d-0283a09aa07f,2012-08-08T19:43:32.406-04:00,Cooking Instrument,153.99
1578c96e-87d8-4c9e-8697-77fe7e2fbe3d,2018-06-21T14:17:23.006-04:00,Kitchen Equipment,109.95
fdc74c70-03e5-4836-b961-8ee538d4c53a,2016-08-03T00:10:13.224-04:00,Jewelry Gizmo,121
9415b3ca-408c-4bbf-8eb6-e3899b18602b,2022-01-16T03:21:00.015-04:00,Baby Accessory,20.99
c4d618f5-910b-44f0-a5bd-4a7345b6c377,2020-07-01T01:01:35.742-04:00,Dining Widget,67.95
4b283b92-014d-4050-927c-be92d2a38773,2020-09-16T12:41:46.538-04:00,Kids Gizmo,119.95
e3779c43-26be-4a20-a3c2-143db074f274,2015-10-08T03:57:18.115-04:00,Womens Apparatus,51
70497b99-4418-48b9-8e40-5b4ccc6bfa86,2021-11-18T17:49:48.638-04:00,Mens Whatchamacallit,124
da387de2-3078-4e9f-ad4a-41514a48bd33,2021-04-08T05:48:33.445-04:00,Outdoors Component,23
6fcc901a-b332-42a8-bd92-add7c6945919,2017-03-07T19:16:51.362-04:00,Camera Item,165.95
3b1386cb-0d08-47a8-ac09-ea46672b46c3,2018-12-05T10:11:19.632-03:00,Toy Contraption,170.99
2ef30e34-fa88-4a70-9acc-73819ddc79dd,2013-09-29T01:52:27.195-04:00,Furniture Widget,104.95
dcb3941c-812b-4ad0-badc-4ad4b32753c3,2020-12-18T18:05:44.756-04:00,Outdoors Implement,179
ff75adc2-8139-4048-87d3-558c7f149279,2017-12-21T16:14:11.830-03:00,Camera Gizmo,178
d27aafb6-d720-4a88-9620-616bdbfc13e1,2011-05-21T03:41:58.661-04:00,Makeup Rig,59.99
d3787317-7dca-4804-982e-f8ee503f34f8,2016-06-22T20:04:00.447-04:00,Game Instrument,167.99
7b6bbf73-a945-4f81-a290-fe53461b7133,2022-07-28T12:38:46.833-04:00,Makeup Doodad,129
677ef90a-7e7e-4a00-b024-3d1a920d9ac4,2014-07-06T07:25:30.539-04:00,Biking Widget,18.95
99cc1f12-f41c-4ffe-b1e7-24dc4df2d1f2,2017-08-02T10:50:18.124-04:00,Nutrition Gizmo,163.95
1c25f7d7-d66f-4803-affa-2492f16a8181,2023-02-09T20:13:28.331-04:00,Game Whatchamacallit,66.99
c582ec26-60ca-45ed-9e7d-23885eaa2c8b,2011-12-27T21:37:32.352-03:00,Womens Thingamajig,151.99
c5231ab6-b8f0-48f8-b974-fcc5d7c8af91,2011-08-25T14:32:49.210-04:00,Camera Gadget,117.99
e9ca6a39-72b7-4e69-bd15-0ab74361bab7,2016-10-21T01:37:23.563-03:00,Makeup Widget,134.95
de032d61-b708-4f04-9f0f-c2d1d126e1f6,2011-04-19T23:16:07.441-04:00,Camping Device,135.95
b4bd48d7-66db-4e98-9f8b-62c4fdd8b47c,2014-08-18T13:56:11.184-04:00,Personal Item,41
e4dcc99d-24c9-4d5f-bcff-43b33d04cb73,2014-01-02T15:32:19.935-03:00,Personal Instrument,155.95
35adb11d-d141-48ff-8d78-eb4d69895834,2010-09-21T06:06:08.998-04:00,Cat Kit,47.99
c0272435-216a-4702-bd71-bdd978e2b003,2018-06-29T12:24:42.518-04:00,Swimming Instrument,143.99
db700287-247b-4620-be51-04920827ddb6,2015-11-26T13:05:41.307-03:00,Camping Kit,197
18b2c6ea-be3b-423b-9cf0-e2bd37025046,2011-07-06T02:54:27.908-04:00,Camera Kit,177.95
8f1e0549-c1c3-416a-b710-f81a5232ab8f,2020-08-27T00:53:31.022-04:00,Bedding Equipment,186.95
7ebbfefc-3420-42b3-ad5b-c090e608a42f,2022-04-16T11:13:46.202-04:00,Medicine Accessory,21.99
346f3ce6-bc83-4918-b338-a70e9c8d9802,2020-03-21T08:22:18.602-04:00,Bath Whatchamacallit,188.95
00679fea-7b76-4cde-b4d7-0b483ba30502,2022-01-19T18:00:28.985-04:00,Mens Accessory,94.95
157ec74a-1b2d-4012-8f25-d49982306eb6,2019-06-29T15:19:18.455-04:00,Technology Supplies,52
